worker,iteration,fitness,plain_alphabet,cipher_alphabet
0,0,-8347.978847763903,etoainhsrdlumwycfgpbvkxjqz,rkeytmdpcubijflhsvxozgnqwa
0,500,-7423.715058460003,etoainhsrdlumwycfgpbvkxjqz,rtyepdjkcbmisfzlvxuohgnqwa
0,1000,-7368.788966586893,etoainhsrdlumwycfgpbvkxjqz,rtyepdgkcbmisfjlvxuohznqwa
0,1500,-7368.788966586893,etoainhsrdlumwycfgpbvkxjqz,rtyepdgkcbmisfjlvxuohznqwa
0,2000,-7019.341997312566,etoainhsrdlumwycfgpbvkxjqz,rmyepdtkcbuihfjlvxsogznqwa
0,2500,-6762.002908994096,etoainhsrdlumwycfgpbvkxjqz,rkyepdtmcbuihfjlvxsogznqwa
0,3000,-6762.002908994096,etoainhsrdlumwycfgpbvkxjqz,rkyepdtmcbuihfjlvxsogznqwa
0,3500,-6762.002908994096,etoainhsrdlumwycfgpbvkxjqz,rkyepdtmcbuihfjlvxsogznqwa
0,4000,-6762.002908994096,etoainhsrdlumwycfgpbvkxjqz,rkyepdtmcbuihfjlvxsogznqwa
0,4500,-6762.002908994096,etoainhsrdlumwycfgpbvkxjqz,rkyepdtmcbuihfjlvxsogznqwa
0,5000,-6762.002908994096,etoainhsrdlumwycfgpbvkxjqz,rkyepdtmcbuihfjlvxsogznqwa
0,5500,-6762.002908994096,etoainhsrdlumwycfgpbvkxjqz,rkyepdtmcbuihfjlvxsogznqwa
0,6000,-6762.002908994096,etoainhsrdlumwycfgpbvkxjqz,rkyepdtmcbuihfjlvxsogznqwa
0,6500,-6762.002908994096,etoainhsrdlumwycfgpbvkxjqz,rkyepdtmcbuihfjlvxsogznqwa
0,7000,-6762.002908994096,etoainhsrdlumwycfgpbvkxjqz,rkyepdtmcbuihfjlvxsogznqwa
0,7500,-6762.002908994096,etoainhsrdlumwycfgpbvkxjqz,rkyepdtmcbuihfjlvxsogznqwa
0,8000,-6762.002908994096,etoainhsrdlumwycfgpbvkxjqz,rkyepdtmcbuihfjlvxsogznqwa
0,8500,-6762.002908994096,etoainhsrdlumwycfgpbvkxjqz,rkyepdtmcbuihfjlvxsogznqwa
0,9000,-6762.002908994096,etoainhsrdlumwycfgpbvkxjqz,rkyepdtmcbuihfjlvxsogznqwa
0,9500,-6762.002908994096,etoainhsrdlumwycfgpbvkxjqz,rkyepdtmcbuihfjlvxsogznqwa
0,10000,-6762.002908994096,etoainhsrdlumwycfgpbvkxjqz,rkyepdtmcbuihfjlvxsogznqwa
0,10500,-6762.002908994096,etoainhsrdlumwycfgpbvkxjqz,rkyepdtmcbuihfjlvxsogznqwa
0,11000,-6762.002908994096,etoainhsrdlumwycfgpbvkxjqz,rkyepdtmcbuihfjlvxsogznqwa
0,11500,-6762.002908994096,etoainhsrdlumwycfgpbvkxjqz,rkyepdtmcbuihfjlvxsogznqwa
0,12000,-6762.002908994096,etoainhsrdlumwycfgpbvkxjqz,rkyepdtmcbuihfjlvxsogznqwa
0,12500,-6762.002908994096,etoainhsrdlumwycfgpbvkxjqz,rkyepdtmcbuihfjlvxsogznqwa
0,13000,-6762.002908994096,etoainhsrdlumwycfgpbvkxjqz,rkyepdtmcbuihfjlvxsogznqwa
0,13500,-6762.002908994096,etoainhsrdlumwycfgpbvkxjqz,rkyepdtmcbuihfjlvxsogznqwa
0,14000,-6762.002908994096,etoainhsrdlumwycfgpbvkxjqz,rkyepdtmcbuihfjlvxsogznqwa
0,14500,-6762.002908994096,etoainhsrdlumwycfgpbvkxjqz,rkyepdtmcbuihfjlvxsogznqwa
0,15000,-6762.002908994096,etoainhsrdlumwycfgpbvkxjqz,rkyepdtmcbuihfjlvxsogznqwa
0,15500,-6762.002908994096,etoainhsrdlumwycfgpbvkxjqz,rkyepdtmcbuihfjlvxsogznqwa
0,16000,-6762.002908994096,etoainhsrdlumwycfgpbvkxjqz,rkyepdtmcbuihfjlvxsogznqwa
0,16500,-6762.002908994096,etoainhsrdlumwycfgpbvkxjqz,rkyepdtmcbuihfjlvxsogznqwa
0,17000,-6762.002908994096,etoainhsrdlumwycfgpbvkxjqz,rkyepdtmcbuihfjlvxsogznqwa
0,17500,-6762.002908994096,etoainhsrdlumwycfgpbvkxjqz,rkyepdtmcbuihfjlvxsogznqwa
0,18000,-6762.002908994096,etoainhsrdlumwycfgpbvkxjqz,rkyepdtmcbuihfjlvxsogznqwa
0,18500,-6762.002908994096,etoainhsrdlumwycfgpbvkxjqz,rkyepdtmcbuihfjlvxsogznqwa
0,19000,-6762.002908994096,etoainhsrdlumwycfgpbvkxjqz,rkyepdtmcbuihfjlvxsogznqwa
0,19500,-6762.002908994096,etoainhsrdlumwycfgpbvkxjqz,rkyepdtmcbuihfjlvxsogznqwa
1,0,-8347.978847763903,etoainhsrdlumwycfgpbvkxjqz,rkeytmdpcubijflhsvxozgnqwa
1,500,-7433.509442638129,etoainhsrdlumwycfgpbvkxjqz,rkeypdtmcfuibozlsxjhgvnqaw
1,1000,-7175.549686363396,etoainhsrdlumwycfgpbvkxjqz,rkeypdtmcbuishjlvxfogzaqwn
1,1500,-7110.042991480869,etoainhsrdlumwycfgpbvkxjqz,rkeypdtmcbuihfjlvxsogzaqwn
1,2000,-6762.002908994096,etoainhsrdlumwycfgpbvkxjqz,rkyepdtmcbuihfjlvxsogznqwa
1,2500,-6762.002908994096,etoainhsrdlumwycfgpbvkxjqz,rkyepdtmcbuihfjlvxsogznqwa
1,3000,-6762.002908994096,etoainhsrdlumwycfgpbvkxjqz,rkyepdtmcbuihfjlvxsogznqwa
1,3500,-6762.002908994096,etoainhsrdlumwycfgpbvkxjqz,rkyepdtmcbuihfjlvxsogznqwa
1,4000,-6762.002908994096,etoainhsrdlumwycfgpbvkxjqz,rkyepdtmcbuihfjlvxsogznqwa
1,4500,-6762.002908994096,etoainhsrdlumwycfgpbvkxjqz,rkyepdtmcbuihfjlvxsogznqwa
1,5000,-6762.002908994096,etoainhsrdlumwycfgpbvkxjqz,rkyepdtmcbuihfjlvxsogznqwa
1,5500,-6762.002908994096,etoainhsrdlumwycfgpbvkxjqz,rkyepdtmcbuihfjlvxsogznqwa
1,6000,-6762.002908994096,etoainhsrdlumwycfgpbvkxjqz,rkyepdtmcbuihfjlvxsogznqwa
1,6500,-6762.002908994096,etoainhsrdlumwycfgpbvkxjqz,rkyepdtmcbuihfjlvxsogznqwa
1,7000,-6762.002908994096,etoainhsrdlumwycfgpbvkxjqz,rkyepdtmcbuihfjlvxsogznqwa
1,7500,-6762.002908994096,etoainhsrdlumwycfgpbvkxjqz,rkyepdtmcbuihfjlvxsogznqwa
1,8000,-6762.002908994096,etoainhsrdlumwycfgpbvkxjqz,rkyepdtmcbuihfjlvxsogznqwa
1,8500,-6762.002908994096,etoainhsrdlumwycfgpbvkxjqz,rkyepdtmcbuihfjlvxsogznqwa
1,9000,-6762.002908994096,etoainhsrdlumwycfgpbvkxjqz,rkyepdtmcbuihfjlvxsogznqwa
1,9500,-6762.002908994096,etoainhsrdlumwycfgpbvkxjqz,rkyepdtmcbuihfjlvxsogznqwa
1,10000,-6762.002908994096,etoainhsrdlumwycfgpbvkxjqz,rkyepdtmcbuihfjlvxsogznqwa
1,10500,-6762.002908994096,etoainhsrdlumwycfgpbvkxjqz,rkyepdtmcbuihfjlvxsogznqwa
1,11000,-6762.002908994096,etoainhsrdlumwycfgpbvkxjqz,rkyepdtmcbuihfjlvxsogznqwa
1,11500,-6762.002908994096,etoainhsrdlumwycfgpbvkxjqz,rkyepdtmcbuihfjlvxsogznqwa
1,12000,-6762.002908994096,etoainhsrdlumwycfgpbvkxjqz,rkyepdtmcbuihfjlvxsogznqwa
1,12500,-6762.002908994096,etoainhsrdlumwycfgpbvkxjqz,rkyepdtmcbuihfjlvxsogznqwa
1,13000,-6762.002908994096,etoainhsrdlumwycfgpbvkxjqz,rkyepdtmcbuihfjlvxsogznqwa
1,13500,-6762.002908994096,etoainhsrdlumwycfgpbvkxjqz,rkyepdtmcbuihfjlvxsogznqwa
1,14000,-6762.002908994096,etoainhsrdlumwycfgpbvkxjqz,rkyepdtmcbuihfjlvxsogznqwa
1,14500,-6762.002908994096,etoainhsrdlumwycfgpbvkxjqz,rkyepdtmcbuihfjlvxsogznqwa
1,15000,-6762.002908994096,etoainhsrdlumwycfgpbvkxjqz,rkyepdtmcbuihfjlvxsogznqwa
1,15500,-6762.002908994096,etoainhsrdlumwycfgpbvkxjqz,rkyepdtmcbuihfjlvxsogznqwa
1,16000,-6762.002908994096,etoainhsrdlumwycfgpbvkxjqz,rkyepdtmcbuihfjlvxsogznqwa
1,16500,-6762.002908994096,etoainhsrdlumwycfgpbvkxjqz,rkyepdtmcbuihfjlvxsogznqwa
1,17000,-6762.002908994096,etoainhsrdlumwycfgpbvkxjqz,rkyepdtmcbuihfjlvxsogznqwa
1,17500,-6762.002908994096,etoainhsrdlumwycfgpbvkxjqz,rkyepdtmcbuihfjlvxsogznqwa
1,18000,-6762.002908994096,etoainhsrdlumwycfgpbvkxjqz,rkyepdtmcbuihfjlvxsogznqwa
1,18500,-6762.002908994096,etoainhsrdlumwycfgpbvkxjqz,rkyepdtmcbuihfjlvxsogznqwa
1,19000,-6762.002908994096,etoainhsrdlumwycfgpbvkxjqz,rkyepdtmcbuihfjlvxsogznqwa
1,19500,-6762.002908994096,etoainhsrdlumwycfgpbvkxjqz,rkyepdtmcbuihfjlvxsogznqwa
2,0,-8347.140912619132,etoainhsrdlumwycfgpbvkxjqz,rkeytmdpcubijflhsvxozgqnwa
2,500,-7498.897617086444,etoainhsrdlumwycfgpbvkxjqz,rtyepdjkcmuihvfboxlszgwqan
2,1000,-7337.820120192108,etoainhsrdlumwycfgpbvkxjqz,rtyepdfkcbuihvjmlxsozgaqwn
2,1500,-7265.499649222919,etoainhsrdlumwycfgpbvkxjqz,rtyepdfkcbuihvjmlxsogznawq
2,2000,-7264.817716392474,etoainhsrdlumwycfgpbvkxjqz,rtyepdfkcbuihvjmlxsogznqwa
2,2500,-7264.817716392474,etoainhsrdlumwycfgpbvkxjqz,rtyepdfkcbuihvjmlxsogznqwa
2,3000,-7264.817716392474,etoainhsrdlumwycfgpbvkxjqz,rtyepdfkcbuihvjmlxsogznqwa
2,3500,-7264.817716392474,etoainhsrdlumwycfgpbvkxjqz,rtyepdfkcbuihvjmlxsogznqwa
2,4000,-7264.817716392474,etoainhsrdlumwycfgpbvkxjqz,rtyepdfkcbuihvjmlxsogznqwa
2,4500,-7264.817716392474,etoainhsrdlumwycfgpbvkxjqz,rtyepdfkcbuihvjmlxsogznqwa
2,5000,-7264.817716392474,etoainhsrdlumwycfgpbvkxjqz,rtyepdfkcbuihvjmlxsogznqwa
2,5500,-7264.817716392474,etoainhsrdlumwycfgpbvkxjqz,rtyepdfkcbuihvjmlxsogznqwa
2,6000,-7264.817716392474,etoainhsrdlumwycfgpbvkxjqz,rtyepdfkcbuihvjmlxsogznqwa
2,6500,-7264.817716392474,etoainhsrdlumwycfgpbvkxjqz,rtyepdfkcbuihvjmlxsogznqwa
2,7000,-7264.817716392474,etoainhsrdlumwycfgpbvkxjqz,rtyepdfkcbuihvjmlxsogznqwa
2,7500,-7264.817716392474,etoainhsrdlumwycfgpbvkxjqz,rtyepdfkcbuihvjmlxsogznqwa
2,8000,-7264.817716392474,etoainhsrdlumwycfgpbvkxjqz,rtyepdfkcbuihvjmlxsogznqwa
2,8500,-7264.817716392474,etoainhsrdlumwycfgpbvkxjqz,rtyepdfkcbuihvjmlxsogznqwa
2,9000,-7264.817716392474,etoainhsrdlumwycfgpbvkxjqz,rtyepdfkcbuihvjmlxsogznqwa
2,9500,-7264.817716392474,etoainhsrdlumwycfgpbvkxjqz,rtyepdfkcbuihvjmlxsogznqwa
2,10000,-7264.817716392474,etoainhsrdlumwycfgpbvkxjqz,rtyepdfkcbuihvjmlxsogznqwa
2,10500,-7264.817716392474,etoainhsrdlumwycfgpbvkxjqz,rtyepdfkcbuihvjmlxsogznqwa
2,11000,-7264.817716392474,etoainhsrdlumwycfgpbvkxjqz,rtyepdfkcbuihvjmlxsogznqwa
2,11500,-7264.817716392474,etoainhsrdlumwycfgpbvkxjqz,rtyepdfkcbuihvjmlxsogznqwa
2,12000,-7264.817716392474,etoainhsrdlumwycfgpbvkxjqz,rtyepdfkcbuihvjmlxsogznqwa
2,12500,-7264.817716392474,etoainhsrdlumwycfgpbvkxjqz,rtyepdfkcbuihvjmlxsogznqwa
2,13000,-7264.817716392474,etoainhsrdlumwycfgpbvkxjqz,rtyepdfkcbuihvjmlxsogznqwa
2,13500,-7264.817716392474,etoainhsrdlumwycfgpbvkxjqz,rtyepdfkcbuihvjmlxsogznqwa
2,14000,-7264.817716392474,etoainhsrdlumwycfgpbvkxjqz,rtyepdfkcbuihvjmlxsogznqwa
2,14500,-7264.817716392474,etoainhsrdlumwycfgpbvkxjqz,rtyepdfkcbuihvjmlxsogznqwa
2,15000,-7264.817716392474,etoainhsrdlumwycfgpbvkxjqz,rtyepdfkcbuihvjmlxsogznqwa
2,15500,-7264.817716392474,etoainhsrdlumwycfgpbvkxjqz,rtyepdfkcbuihvjmlxsogznqwa
2,16000,-7264.817716392474,etoainhsrdlumwycfgpbvkxjqz,rtyepdfkcbuihvjmlxsogznqwa
2,16500,-7264.817716392474,etoainhsrdlumwycfgpbvkxjqz,rtyepdfkcbuihvjmlxsogznqwa
2,17000,-7264.817716392474,etoainhsrdlumwycfgpbvkxjqz,rtyepdfkcbuihvjmlxsogznqwa
2,17500,-7264.817716392474,etoainhsrdlumwycfgpbvkxjqz,rtyepdfkcbuihvjmlxsogznqwa
2,18000,-7264.817716392474,etoainhsrdlumwycfgpbvkxjqz,rtyepdfkcbuihvjmlxsogznqwa
2,18500,-7264.817716392474,etoainhsrdlumwycfgpbvkxjqz,rtyepdfkcbuihvjmlxsogznqwa
2,19000,-7264.817716392474,etoainhsrdlumwycfgpbvkxjqz,rtyepdfkcbuihvjmlxsogznqwa
2,19500,-7264.817716392474,etoainhsrdlumwycfgpbvkxjqz,rtyepdfkcbuihvjmlxsogznqwa
3,0,-8318.603114681539,etoainhsrdlumwycfgpbvkxjqz,rkeytmdpcubihfljsvxozgnqwa
3,500,-7203.112798790446,etoainhsrdlumwycfgpbvkxjqz,rkyeidtmcbuphfjlvxsogznqaw
3,1000,-6764.939013414942,etoainhsrdlumwycfgpbvkxjqz,rkyepdtmcbuihfjlvxsogznqaw
3,1500,-6764.939013414942,etoainhsrdlumwycfgpbvkxjqz,rkyepdtmcbuihfjlvxsogznqaw
3,2000,-6762.002908994096,etoainhsrdlumwycfgpbvkxjqz,rkyepdtmcbuihfjlvxsogznqwa
3,2500,-6762.002908994096,etoainhsrdlumwycfgpbvkxjqz,rkyepdtmcbuihfjlvxsogznqwa
3,3000,-6762.002908994096,etoainhsrdlumwycfgpbvkxjqz,rkyepdtmcbuihfjlvxsogznqwa
3,3500,-6762.002908994096,etoainhsrdlumwycfgpbvkxjqz,rkyepdtmcbuihfjlvxsogznqwa
3,4000,-6762.002908994096,etoainhsrdlumwycfgpbvkxjqz,rkyepdtmcbuihfjlvxsogznqwa
3,4500,-6762.002908994096,etoainhsrdlumwycfgpbvkxjqz,rkyepdtmcbuihfjlvxsogznqwa
3,5000,-6762.002908994096,etoainhsrdlumwycfgpbvkxjqz,rkyepdtmcbuihfjlvxsogznqwa
3,5500,-6762.002908994096,etoainhsrdlumwycfgpbvkxjqz,rkyepdtmcbuihfjlvxsogznqwa
3,6000,-6762.002908994096,etoainhsrdlumwycfgpbvkxjqz,rkyepdtmcbuihfjlvxsogznqwa
3,6500,-6762.002908994096,etoainhsrdlumwycfgpbvkxjqz,rkyepdtmcbuihfjlvxsogznqwa
3,7000,-6762.002908994096,etoainhsrdlumwycfgpbvkxjqz,rkyepdtmcbuihfjlvxsogznqwa
3,7500,-6762.002908994096,etoainhsrdlumwycfgpbvkxjqz,rkyepdtmcbuihfjlvxsogznqwa
3,8000,-6762.002908994096,etoainhsrdlumwycfgpbvkxjqz,rkyepdtmcbuihfjlvxsogznqwa
3,8500,-6762.002908994096,etoainhsrdlumwycfgpbvkxjqz,rkyepdtmcbuihfjlvxsogznqwa
3,9000,-6762.002908994096,etoainhsrdlumwycfgpbvkxjqz,rkyepdtmcbuihfjlvxsogznqwa
3,9500,-6762.002908994096,etoainhsrdlumwycfgpbvkxjqz,rkyepdtmcbuihfjlvxsogznqwa
3,10000,-6762.002908994096,etoainhsrdlumwycfgpbvkxjqz,rkyepdtmcbuihfjlvxsogznqwa
3,10500,-6762.002908994096,etoainhsrdlumwycfgpbvkxjqz,rkyepdtmcbuihfjlvxsogznqwa
3,11000,-6762.002908994096,etoainhsrdlumwycfgpbvkxjqz,rkyepdtmcbuihfjlvxsogznqwa
3,11500,-6762.002908994096,etoainhsrdlumwycfgpbvkxjqz,rkyepdtmcbuihfjlvxsogznqwa
3,12000,-6762.002908994096,etoainhsrdlumwycfgpbvkxjqz,rkyepdtmcbuihfjlvxsogznqwa
3,12500,-6762.002908994096,etoainhsrdlumwycfgpbvkxjqz,rkyepdtmcbuihfjlvxsogznqwa
3,13000,-6762.002908994096,etoainhsrdlumwycfgpbvkxjqz,rkyepdtmcbuihfjlvxsogznqwa
3,13500,-6762.002908994096,etoainhsrdlumwycfgpbvkxjqz,rkyepdtmcbuihfjlvxsogznqwa
3,14000,-6762.002908994096,etoainhsrdlumwycfgpbvkxjqz,rkyepdtmcbuihfjlvxsogznqwa
3,14500,-6762.002908994096,etoainhsrdlumwycfgpbvkxjqz,rkyepdtmcbuihfjlvxsogznqwa
3,15000,-6762.002908994096,etoainhsrdlumwycfgpbvkxjqz,rkyepdtmcbuihfjlvxsogznqwa
3,15500,-6762.002908994096,etoainhsrdlumwycfgpbvkxjqz,rkyepdtmcbuihfjlvxsogznqwa
3,16000,-6762.002908994096,etoainhsrdlumwycfgpbvkxjqz,rkyepdtmcbuihfjlvxsogznqwa
3,16500,-6762.002908994096,etoainhsrdlumwycfgpbvkxjqz,rkyepdtmcbuihfjlvxsogznqwa
3,17000,-6762.002908994096,etoainhsrdlumwycfgpbvkxjqz,rkyepdtmcbuihfjlvxsogznqwa
3,17500,-6762.002908994096,etoainhsrdlumwycfgpbvkxjqz,rkyepdtmcbuihfjlvxsogznqwa
3,18000,-6762.002908994096,etoainhsrdlumwycfgpbvkxjqz,rkyepdtmcbuihfjlvxsogznqwa
3,18500,-6762.002908994096,etoainhsrdlumwycfgpbvkxjqz,rkyepdtmcbuihfjlvxsogznqwa
3,19000,-6762.002908994096,etoainhsrdlumwycfgpbvkxjqz,rkyepdtmcbuihfjlvxsogznqwa
3,19500,-6762.002908994096,etoainhsrdlumwycfgpbvkxjqz,rkyepdtmcbuihfjlvxsogznqwa
4,0,-8347.978847763903,etoainhsrdlumwycfgpbvkxjqz,rkeytmdpcubijflhsvxozgnqwa
4,500,-7124.105864677513,etoainhsrdlumwycfgpbvkxjqz,rkyepdtmcbhiufjlvosxzgaqwn
4,1000,-6762.002908994096,etoainhsrdlumwycfgpbvkxjqz,rkyepdtmcbuihfjlvxsogznqwa
4,1500,-6762.002908994096,etoainhsrdlumwycfgpbvkxjqz,rkyepdtmcbuihfjlvxsogznqwa
4,2000,-6762.002908994096,etoainhsrdlumwycfgpbvkxjqz,rkyepdtmcbuihfjlvxsogznqwa
4,2500,-6762.002908994096,etoainhsrdlumwycfgpbvkxjqz,rkyepdtmcbuihfjlvxsogznqwa
4,3000,-6762.002908994096,etoainhsrdlumwycfgpbvkxjqz,rkyepdtmcbuihfjlvxsogznqwa
4,3500,-6762.002908994096,etoainhsrdlumwycfgpbvkxjqz,rkyepdtmcbuihfjlvxsogznqwa
4,4000,-6762.002908994096,etoainhsrdlumwycfgpbvkxjqz,rkyepdtmcbuihfjlvxsogznqwa
4,4500,-6762.002908994096,etoainhsrdlumwycfgpbvkxjqz,rkyepdtmcbuihfjlvxsogznqwa
4,5000,-6762.002908994096,etoainhsrdlumwycfgpbvkxjqz,rkyepdtmcbuihfjlvxsogznqwa
4,5500,-6762.002908994096,etoainhsrdlumwycfgpbvkxjqz,rkyepdtmcbuihfjlvxsogznqwa
4,6000,-6762.002908994096,etoainhsrdlumwycfgpbvkxjqz,rkyepdtmcbuihfjlvxsogznqwa
4,6500,-6762.002908994096,etoainhsrdlumwycfgpbvkxjqz,rkyepdtmcbuihfjlvxsogznqwa
4,7000,-6762.002908994096,etoainhsrdlumwycfgpbvkxjqz,rkyepdtmcbuihfjlvxsogznqwa
4,7500,-6762.002908994096,etoainhsrdlumwycfgpbvkxjqz,rkyepdtmcbuihfjlvxsogznqwa
4,8000,-6762.002908994096,etoainhsrdlumwycfgpbvkxjqz,rkyepdtmcbuihfjlvxsogznqwa
4,8500,-6762.002908994096,etoainhsrdlumwycfgpbvkxjqz,rkyepdtmcbuihfjlvxsogznqwa
4,9000,-6762.002908994096,etoainhsrdlumwycfgpbvkxjqz,rkyepdtmcbuihfjlvxsogznqwa
4,9500,-6762.002908994096,etoainhsrdlumwycfgpbvkxjqz,rkyepdtmcbuihfjlvxsogznqwa
4,10000,-6762.002908994096,etoainhsrdlumwycfgpbvkxjqz,rkyepdtmcbuihfjlvxsogznqwa
4,10500,-6762.002908994096,etoainhsrdlumwycfgpbvkxjqz,rkyepdtmcbuihfjlvxsogznqwa
4,11000,-6762.002908994096,etoainhsrdlumwycfgpbvkxjqz,rkyepdtmcbuihfjlvxsogznqwa
4,11500,-6762.002908994096,etoainhsrdlumwycfgpbvkxjqz,rkyepdtmcbuihfjlvxsogznqwa
4,12000,-6762.002908994096,etoainhsrdlumwycfgpbvkxjqz,rkyepdtmcbuihfjlvxsogznqwa
4,12500,-6762.002908994096,etoainhsrdlumwycfgpbvkxjqz,rkyepdtmcbuihfjlvxsogznqwa
4,13000,-6762.002908994096,etoainhsrdlumwycfgpbvkxjqz,rkyepdtmcbuihfjlvxsogznqwa
4,13500,-6762.002908994096,etoainhsrdlumwycfgpbvkxjqz,rkyepdtmcbuihfjlvxsogznqwa
4,14000,-6762.002908994096,etoainhsrdlumwycfgpbvkxjqz,rkyepdtmcbuihfjlvxsogznqwa
4,14500,-6762.002908994096,etoainhsrdlumwycfgpbvkxjqz,rkyepdtmcbuihfjlvxsogznqwa
4,15000,-6762.002908994096,etoainhsrdlumwycfgpbvkxjqz,rkyepdtmcbuihfjlvxsogznqwa
4,15500,-6762.002908994096,etoainhsrdlumwycfgpbvkxjqz,rkyepdtmcbuihfjlvxsogznqwa
4,16000,-6762.002908994096,etoainhsrdlumwycfgpbvkxjqz,rkyepdtmcbuihfjlvxsogznqwa
4,16500,-6762.002908994096,etoainhsrdlumwycfgpbvkxjqz,rkyepdtmcbuihfjlvxsogznqwa
4,17000,-6762.002908994096,etoainhsrdlumwycfgpbvkxjqz,rkyepdtmcbuihfjlvxsogznqwa
4,17500,-6762.002908994096,etoainhsrdlumwycfgpbvkxjqz,rkyepdtmcbuihfjlvxsogznqwa
4,18000,-6762.002908994096,etoainhsrdlumwycfgpbvkxjqz,rkyepdtmcbuihfjlvxsogznqwa
4,18500,-6762.002908994096,etoainhsrdlumwycfgpbvkxjqz,rkyepdtmcbuihfjlvxsogznqwa
4,19000,-6762.002908994096,etoainhsrdlumwycfgpbvkxjqz,rkyepdtmcbuihfjlvxsogznqwa
4,19500,-6762.002908994096,etoainhsrdlumwycfgpbvkxjqz,rkyepdtmcbuihfjlvxsogznqwa
5,0,-8347.978847763903,etoainhsrdlumwycfgpbvkxjqz,rkeytmdpcubijflhsvxozgnqwa
5,500,-7093.3549429873965,etoainhsrdlumwycfgpbvkxjqz,rkyepdtmcbuohfslvjixgzwqan
5,1000,-6764.939013414942,etoainhsrdlumwycfgpbvkxjqz,rkyepdtmcbuihfjlvxsogznqaw
5,1500,-6762.002908994096,etoainhsrdlumwycfgpbvkxjqz,rkyepdtmcbuihfjlvxsogznqwa
5,2000,-6762.002908994096,etoainhsrdlumwycfgpbvkxjqz,rkyepdtmcbuihfjlvxsogznqwa
5,2500,-6762.002908994096,etoainhsrdlumwycfgpbvkxjqz,rkyepdtmcbuihfjlvxsogznqwa
5,3000,-6762.002908994096,etoainhsrdlumwycfgpbvkxjqz,rkyepdtmcbuihfjlvxsogznqwa
5,3500,-6762.002908994096,etoainhsrdlumwycfgpbvkxjqz,rkyepdtmcbuihfjlvxsogznqwa
5,4000,-6762.002908994096,etoainhsrdlumwycfgpbvkxjqz,rkyepdtmcbuihfjlvxsogznqwa
5,4500,-6762.002908994096,etoainhsrdlumwycfgpbvkxjqz,rkyepdtmcbuihfjlvxsogznqwa
5,5000,-6762.002908994096,etoainhsrdlumwycfgpbvkxjqz,rkyepdtmcbuihfjlvxsogznqwa
5,5500,-6762.002908994096,etoainhsrdlumwycfgpbvkxjqz,rkyepdtmcbuihfjlvxsogznqwa
5,6000,-6762.002908994096,etoainhsrdlumwycfgpbvkxjqz,rkyepdtmcbuihfjlvxsogznqwa
5,6500,-6762.002908994096,etoainhsrdlumwycfgpbvkxjqz,rkyepdtmcbuihfjlvxsogznqwa
5,7000,-6762.002908994096,etoainhsrdlumwycfgpbvkxjqz,rkyepdtmcbuihfjlvxsogznqwa
5,7500,-6762.002908994096,etoainhsrdlumwycfgpbvkxjqz,rkyepdtmcbuihfjlvxsogznqwa
5,8000,-6762.002908994096,etoainhsrdlumwycfgpbvkxjqz,rkyepdtmcbuihfjlvxsogznqwa
5,8500,-6762.002908994096,etoainhsrdlumwycfgpbvkxjqz,rkyepdtmcbuihfjlvxsogznqwa
5,9000,-6762.002908994096,etoainhsrdlumwycfgpbvkxjqz,rkyepdtmcbuihfjlvxsogznqwa
5,9500,-6762.002908994096,etoainhsrdlumwycfgpbvkxjqz,rkyepdtmcbuihfjlvxsogznqwa
5,10000,-6762.002908994096,etoainhsrdlumwycfgpbvkxjqz,rkyepdtmcbuihfjlvxsogznqwa
5,10500,-6762.002908994096,etoainhsrdlumwycfgpbvkxjqz,rkyepdtmcbuihfjlvxsogznqwa
5,11000,-6762.002908994096,etoainhsrdlumwycfgpbvkxjqz,rkyepdtmcbuihfjlvxsogznqwa
5,11500,-6762.002908994096,etoainhsrdlumwycfgpbvkxjqz,rkyepdtmcbuihfjlvxsogznqwa
5,12000,-6762.002908994096,etoainhsrdlumwycfgpbvkxjqz,rkyepdtmcbuihfjlvxsogznqwa
5,12500,-6762.002908994096,etoainhsrdlumwycfgpbvkxjqz,rkyepdtmcbuihfjlvxsogznqwa
5,13000,-6762.002908994096,etoainhsrdlumwycfgpbvkxjqz,rkyepdtmcbuihfjlvxsogznqwa
5,13500,-6762.002908994096,etoainhsrdlumwycfgpbvkxjqz,rkyepdtmcbuihfjlvxsogznqwa
5,14000,-6762.002908994096,etoainhsrdlumwycfgpbvkxjqz,rkyepdtmcbuihfjlvxsogznqwa
5,14500,-6762.002908994096,etoainhsrdlumwycfgpbvkxjqz,rkyepdtmcbuihfjlvxsogznqwa
5,15000,-6762.002908994096,etoainhsrdlumwycfgpbvkxjqz,rkyepdtmcbuihfjlvxsogznqwa
5,15500,-6762.002908994096,etoainhsrdlumwycfgpbvkxjqz,rkyepdtmcbuihfjlvxsogznqwa
5,16000,-6762.002908994096,etoainhsrdlumwycfgpbvkxjqz,rkyepdtmcbuihfjlvxsogznqwa
5,16500,-6762.002908994096,etoainhsrdlumwycfgpbvkxjqz,rkyepdtmcbuihfjlvxsogznqwa
5,17000,-6762.002908994096,etoainhsrdlumwycfgpbvkxjqz,rkyepdtmcbuihfjlvxsogznqwa
5,17500,-6762.002908994096,etoainhsrdlumwycfgpbvkxjqz,rkyepdtmcbuihfjlvxsogznqwa
5,18000,-6762.002908994096,etoainhsrdlumwycfgpbvkxjqz,rkyepdtmcbuihfjlvxsogznqwa
5,18500,-6762.002908994096,etoainhsrdlumwycfgpbvkxjqz,rkyepdtmcbuihfjlvxsogznqwa
5,19000,-6762.002908994096,etoainhsrdlumwycfgpbvkxjqz,rkyepdtmcbuihfjlvxsogznqwa
5,19500,-6762.002908994096,etoainhsrdlumwycfgpbvkxjqz,rkyepdtmcbuihfjlvxsogznqwa
6,0,-8259.55140690981,etoainhsrdlumwycfgpbvkxjqz,rkeytmbpcudijflhsvxozgnqwa
6,500,-7629.3373797329605,etoainhsrdlumwycfgpbvkxjqz,rkypecxdtmuibfjlvhsogznqwa
6,1000,-7170.035902551577,etoainhsrdlumwycfgpbvkxjqz,rkyepmtdchuibfjlvxsogznqwa
6,1500,-6762.002908994096,etoainhsrdlumwycfgpbvkxjqz,rkyepdtmcbuihfjlvxsogznqwa
6,2000,-6762.002908994096,etoainhsrdlumwycfgpbvkxjqz,rkyepdtmcbuihfjlvxsogznqwa
6,2500,-6762.002908994096,etoainhsrdlumwycfgpbvkxjqz,rkyepdtmcbuihfjlvxsogznqwa
6,3000,-6762.002908994096,etoainhsrdlumwycfgpbvkxjqz,rkyepdtmcbuihfjlvxsogznqwa
6,3500,-6762.002908994096,etoainhsrdlumwycfgpbvkxjqz,rkyepdtmcbuihfjlvxsogznqwa
6,4000,-6762.002908994096,etoainhsrdlumwycfgpbvkxjqz,rkyepdtmcbuihfjlvxsogznqwa
6,4500,-6762.002908994096,etoainhsrdlumwycfgpbvkxjqz,rkyepdtmcbuihfjlvxsogznqwa
6,5000,-6762.002908994096,etoainhsrdlumwycfgpbvkxjqz,rkyepdtmcbuihfjlvxsogznqwa
6,5500,-6762.002908994096,etoainhsrdlumwycfgpbvkxjqz,rkyepdtmcbuihfjlvxsogznqwa
6,6000,-6762.002908994096,etoainhsrdlumwycfgpbvkxjqz,rkyepdtmcbuihfjlvxsogznqwa
6,6500,-6762.002908994096,etoainhsrdlumwycfgpbvkxjqz,rkyepdtmcbuihfjlvxsogznqwa
6,7000,-6762.002908994096,etoainhsrdlumwycfgpbvkxjqz,rkyepdtmcbuihfjlvxsogznqwa
6,7500,-6762.002908994096,etoainhsrdlumwycfgpbvkxjqz,rkyepdtmcbuihfjlvxsogznqwa
6,8000,-6762.002908994096,etoainhsrdlumwycfgpbvkxjqz,rkyepdtmcbuihfjlvxsogznqwa
6,8500,-6762.002908994096,etoainhsrdlumwycfgpbvkxjqz,rkyepdtmcbuihfjlvxsogznqwa
6,9000,-6762.002908994096,etoainhsrdlumwycfgpbvkxjqz,rkyepdtmcbuihfjlvxsogznqwa
6,9500,-6762.002908994096,etoainhsrdlumwycfgpbvkxjqz,rkyepdtmcbuihfjlvxsogznqwa
6,10000,-6762.002908994096,etoainhsrdlumwycfgpbvkxjqz,rkyepdtmcbuihfjlvxsogznqwa
6,10500,-6762.002908994096,etoainhsrdlumwycfgpbvkxjqz,rkyepdtmcbuihfjlvxsogznqwa
6,11000,-6762.002908994096,etoainhsrdlumwycfgpbvkxjqz,rkyepdtmcbuihfjlvxsogznqwa
6,11500,-6762.002908994096,etoainhsrdlumwycfgpbvkxjqz,rkyepdtmcbuihfjlvxsogznqwa
6,12000,-6762.002908994096,etoainhsrdlumwycfgpbvkxjqz,rkyepdtmcbuihfjlvxsogznqwa
6,12500,-6762.002908994096,etoainhsrdlumwycfgpbvkxjqz,rkyepdtmcbuihfjlvxsogznqwa
6,13000,-6762.002908994096,etoainhsrdlumwycfgpbvkxjqz,rkyepdtmcbuihfjlvxsogznqwa
6,13500,-6762.002908994096,etoainhsrdlumwycfgpbvkxjqz,rkyepdtmcbuihfjlvxsogznqwa
6,14000,-6762.002908994096,etoainhsrdlumwycfgpbvkxjqz,rkyepdtmcbuihfjlvxsogznqwa
6,14500,-6762.002908994096,etoainhsrdlumwycfgpbvkxjqz,rkyepdtmcbuihfjlvxsogznqwa
6,15000,-6762.002908994096,etoainhsrdlumwycfgpbvkxjqz,rkyepdtmcbuihfjlvxsogznqwa
6,15500,-6762.002908994096,etoainhsrdlumwycfgpbvkxjqz,rkyepdtmcbuihfjlvxsogznqwa
6,16000,-6762.002908994096,etoainhsrdlumwycfgpbvkxjqz,rkyepdtmcbuihfjlvxsogznqwa
6,16500,-6762.002908994096,etoainhsrdlumwycfgpbvkxjqz,rkyepdtmcbuihfjlvxsogznqwa
6,17000,-6762.002908994096,etoainhsrdlumwycfgpbvkxjqz,rkyepdtmcbuihfjlvxsogznqwa
6,17500,-6762.002908994096,etoainhsrdlumwycfgpbvkxjqz,rkyepdtmcbuihfjlvxsogznqwa
6,18000,-6762.002908994096,etoainhsrdlumwycfgpbvkxjqz,rkyepdtmcbuihfjlvxsogznqwa
6,18500,-6762.002908994096,etoainhsrdlumwycfgpbvkxjqz,rkyepdtmcbuihfjlvxsogznqwa
6,19000,-6762.002908994096,etoainhsrdlumwycfgpbvkxjqz,rkyepdtmcbuihfjlvxsogznqwa
6,19500,-6762.002908994096,etoainhsrdlumwycfgpbvkxjqz,rkyepdtmcbuihfjlvxsogznqwa
7,0,-8347.978847763903,etoainhsrdlumwycfgpbvkxjqz,rkeytmdpcubijflhsvxozgnqwa
7,500,-7802.5419380324,etoainhsrdlumwycfgpbvkxjqz,rmyetdxpcbkihfjulvoszgnqwa
7,1000,-7427.518170626018,etoainhsrdlumwycfgpbvkxjqz,rtyepdokcbmihfjuvxslzgnqwa
7,1500,-6954.7345904718695,etoainhsrdlumwycfgpbvkxjqz,rkyepdtmcblihfjuvxsogznqwa
7,2000,-6762.002908994096,etoainhsrdlumwycfgpbvkxjqz,rkyepdtmcbuihfjlvxsogznqwa
7,2500,-6762.002908994096,etoainhsrdlumwycfgpbvkxjqz,rkyepdtmcbuihfjlvxsogznqwa
7,3000,-6762.002908994096,etoainhsrdlumwycfgpbvkxjqz,rkyepdtmcbuihfjlvxsogznqwa
7,3500,-6762.002908994096,etoainhsrdlumwycfgpbvkxjqz,rkyepdtmcbuihfjlvxsogznqwa
7,4000,-6762.002908994096,etoainhsrdlumwycfgpbvkxjqz,rkyepdtmcbuihfjlvxsogznqwa
7,4500,-6762.002908994096,etoainhsrdlumwycfgpbvkxjqz,rkyepdtmcbuihfjlvxsogznqwa
7,5000,-6762.002908994096,etoainhsrdlumwycfgpbvkxjqz,rkyepdtmcbuihfjlvxsogznqwa
7,5500,-6762.002908994096,etoainhsrdlumwycfgpbvkxjqz,rkyepdtmcbuihfjlvxsogznqwa
7,6000,-6762.002908994096,etoainhsrdlumwycfgpbvkxjqz,rkyepdtmcbuihfjlvxsogznqwa
7,6500,-6762.002908994096,etoainhsrdlumwycfgpbvkxjqz,rkyepdtmcbuihfjlvxsogznqwa
7,7000,-6762.002908994096,etoainhsrdlumwycfgpbvkxjqz,rkyepdtmcbuihfjlvxsogznqwa
7,7500,-6762.002908994096,etoainhsrdlumwycfgpbvkxjqz,rkyepdtmcbuihfjlvxsogznqwa
7,8000,-6762.002908994096,etoainhsrdlumwycfgpbvkxjqz,rkyepdtmcbuihfjlvxsogznqwa
7,8500,-6762.002908994096,etoainhsrdlumwycfgpbvkxjqz,rkyepdtmcbuihfjlvxsogznqwa
7,9000,-6762.002908994096,etoainhsrdlumwycfgpbvkxjqz,rkyepdtmcbuihfjlvxsogznqwa
7,9500,-6762.002908994096,etoainhsrdlumwycfgpbvkxjqz,rkyepdtmcbuihfjlvxsogznqwa
7,10000,-6762.002908994096,etoainhsrdlumwycfgpbvkxjqz,rkyepdtmcbuihfjlvxsogznqwa
7,10500,-6762.002908994096,etoainhsrdlumwycfgpbvkxjqz,rkyepdtmcbuihfjlvxsogznqwa
7,11000,-6762.002908994096,etoainhsrdlumwycfgpbvkxjqz,rkyepdtmcbuihfjlvxsogznqwa
7,11500,-6762.002908994096,etoainhsrdlumwycfgpbvkxjqz,rkyepdtmcbuihfjlvxsogznqwa
7,12000,-6762.002908994096,etoainhsrdlumwycfgpbvkxjqz,rkyepdtmcbuihfjlvxsogznqwa
7,12500,-6762.002908994096,etoainhsrdlumwycfgpbvkxjqz,rkyepdtmcbuihfjlvxsogznqwa
7,13000,-6762.002908994096,etoainhsrdlumwycfgpbvkxjqz,rkyepdtmcbuihfjlvxsogznqwa
7,13500,-6762.002908994096,etoainhsrdlumwycfgpbvkxjqz,rkyepdtmcbuihfjlvxsogznqwa
7,14000,-6762.002908994096,etoainhsrdlumwycfgpbvkxjqz,rkyepdtmcbuihfjlvxsogznqwa
7,14500,-6762.002908994096,etoainhsrdlumwycfgpbvkxjqz,rkyepdtmcbuihfjlvxsogznqwa
7,15000,-6762.002908994096,etoainhsrdlumwycfgpbvkxjqz,rkyepdtmcbuihfjlvxsogznqwa
7,15500,-6762.002908994096,etoainhsrdlumwycfgpbvkxjqz,rkyepdtmcbuihfjlvxsogznqwa
7,16000,-6762.002908994096,etoainhsrdlumwycfgpbvkxjqz,rkyepdtmcbuihfjlvxsogznqwa
7,16500,-6762.002908994096,etoainhsrdlumwycfgpbvkxjqz,rkyepdtmcbuihfjlvxsogznqwa
7,17000,-6762.002908994096,etoainhsrdlumwycfgpbvkxjqz,rkyepdtmcbuihfjlvxsogznqwa
7,17500,-6762.002908994096,etoainhsrdlumwycfgpbvkxjqz,rkyepdtmcbuihfjlvxsogznqwa
7,18000,-6762.002908994096,etoainhsrdlumwycfgpbvkxjqz,rkyepdtmcbuihfjlvxsogznqwa
7,18500,-6762.002908994096,etoainhsrdlumwycfgpbvkxjqz,rkyepdtmcbuihfjlvxsogznqwa
7,19000,-6762.002908994096,etoainhsrdlumwycfgpbvkxjqz,rkyepdtmcbuihfjlvxsogznqwa
7,19500,-6762.002908994096,etoainhsrdlumwycfgpbvkxjqz,rkyepdtmcbuihfjlvxsogznqwa
8,0,-8347.978847763903,etoainhsrdlumwycfgpbvkxjqz,rkeytmdpcubijflhsvxozgnqwa
8,500,-7435.049680141191,etoainhsrdlumwycfgpbvkxjqz,rkyepdxmtcuisvjblfhogznqwa
8,1000,-7011.910180964611,etoainhsrdlumwycfgpbvkxjqz,rkyepdtmcxuilfjbvhsogznqwa
8,1500,-6762.002908994096,etoainhsrdlumwycfgpbvkxjqz,rkyepdtmcbuihfjlvxsogznqwa
8,2000,-6762.002908994096,etoainhsrdlumwycfgpbvkxjqz,rkyepdtmcbuihfjlvxsogznqwa
8,2500,-6762.002908994096,etoainhsrdlumwycfgpbvkxjqz,rkyepdtmcbuihfjlvxsogznqwa
8,3000,-6762.002908994096,etoainhsrdlumwycfgpbvkxjqz,rkyepdtmcbuihfjlvxsogznqwa
8,3500,-6762.002908994096,etoainhsrdlumwycfgpbvkxjqz,rkyepdtmcbuihfjlvxsogznqwa
8,4000,-6762.002908994096,etoainhsrdlumwycfgpbvkxjqz,rkyepdtmcbuihfjlvxsogznqwa
8,4500,-6762.002908994096,etoainhsrdlumwycfgpbvkxjqz,rkyepdtmcbuihfjlvxsogznqwa
8,5000,-6762.002908994096,etoainhsrdlumwycfgpbvkxjqz,rkyepdtmcbuihfjlvxsogznqwa
8,5500,-6762.002908994096,etoainhsrdlumwycfgpbvkxjqz,rkyepdtmcbuihfjlvxsogznqwa
8,6000,-6762.002908994096,etoainhsrdlumwycfgpbvkxjqz,rkyepdtmcbuihfjlvxsogznqwa
8,6500,-6762.002908994096,etoainhsrdlumwycfgpbvkxjqz,rkyepdtmcbuihfjlvxsogznqwa
8,7000,-6762.002908994096,etoainhsrdlumwycfgpbvkxjqz,rkyepdtmcbuihfjlvxsogznqwa
8,7500,-6762.002908994096,etoainhsrdlumwycfgpbvkxjqz,rkyepdtmcbuihfjlvxsogznqwa
8,8000,-6762.002908994096,etoainhsrdlumwycfgpbvkxjqz,rkyepdtmcbuihfjlvxsogznqwa
8,8500,-6762.002908994096,etoainhsrdlumwycfgpbvkxjqz,rkyepdtmcbuihfjlvxsogznqwa
8,9000,-6762.002908994096,etoainhsrdlumwycfgpbvkxjqz,rkyepdtmcbuihfjlvxsogznqwa
8,9500,-6762.002908994096,etoainhsrdlumwycfgpbvkxjqz,rkyepdtmcbuihfjlvxsogznqwa
8,10000,-6762.002908994096,etoainhsrdlumwycfgpbvkxjqz,rkyepdtmcbuihfjlvxsogznqwa
8,10500,-6762.002908994096,etoainhsrdlumwycfgpbvkxjqz,rkyepdtmcbuihfjlvxsogznqwa
8,11000,-6762.002908994096,etoainhsrdlumwycfgpbvkxjqz,rkyepdtmcbuihfjlvxsogznqwa
8,11500,-6762.002908994096,etoainhsrdlumwycfgpbvkxjqz,rkyepdtmcbuihfjlvxsogznqwa
8,12000,-6762.002908994096,etoainhsrdlumwycfgpbvkxjqz,rkyepdtmcbuihfjlvxsogznqwa
8,12500,-6762.002908994096,etoainhsrdlumwycfgpbvkxjqz,rkyepdtmcbuihfjlvxsogznqwa
8,13000,-6762.002908994096,etoainhsrdlumwycfgpbvkxjqz,rkyepdtmcbuihfjlvxsogznqwa
8,13500,-6762.002908994096,etoainhsrdlumwycfgpbvkxjqz,rkyepdtmcbuihfjlvxsogznqwa
8,14000,-6762.002908994096,etoainhsrdlumwycfgpbvkxjqz,rkyepdtmcbuihfjlvxsogznqwa
8,14500,-6762.002908994096,etoainhsrdlumwycfgpbvkxjqz,rkyepdtmcbuihfjlvxsogznqwa
8,15000,-6762.002908994096,etoainhsrdlumwycfgpbvkxjqz,rkyepdtmcbuihfjlvxsogznqwa
8,15500,-6762.002908994096,etoainhsrdlumwycfgpbvkxjqz,rkyepdtmcbuihfjlvxsogznqwa
8,16000,-6762.002908994096,etoainhsrdlumwycfgpbvkxjqz,rkyepdtmcbuihfjlvxsogznqwa
8,16500,-6762.002908994096,etoainhsrdlumwycfgpbvkxjqz,rkyepdtmcbuihfjlvxsogznqwa
8,17000,-6762.002908994096,etoainhsrdlumwycfgpbvkxjqz,rkyepdtmcbuihfjlvxsogznqwa
8,17500,-6762.002908994096,etoainhsrdlumwycfgpbvkxjqz,rkyepdtmcbuihfjlvxsogznqwa
8,18000,-6762.002908994096,etoainhsrdlumwycfgpbvkxjqz,rkyepdtmcbuihfjlvxsogznqwa
8,18500,-6762.002908994096,etoainhsrdlumwycfgpbvkxjqz,rkyepdtmcbuihfjlvxsogznqwa
8,19000,-6762.002908994096,etoainhsrdlumwycfgpbvkxjqz,rkyepdtmcbuihfjlvxsogznqwa
8,19500,-6762.002908994096,etoainhsrdlumwycfgpbvkxjqz,rkyepdtmcbuihfjlvxsogznqwa
9,0,-8347.978847763903,etoainhsrdlumwycfgpbvkxjqz,rkeytmdpcubijflhsvxozgnqwa
9,500,-7581.643346806679,etoainhsrdlumwycfgpbvkxjqz,rkyepcbmtjuihfzdvlsogxnqwa
9,1000,-6835.906347366327,etoainhsrdlumwycfgpbvkxjqz,rkyepdtmcbuihfjlvzsogxnqwa
9,1500,-6762.002908994096,etoainhsrdlumwycfgpbvkxjqz,rkyepdtmcbuihfjlvxsogznqwa
9,2000,-6762.002908994096,etoainhsrdlumwycfgpbvkxjqz,rkyepdtmcbuihfjlvxsogznqwa
9,2500,-6762.002908994096,etoainhsrdlumwycfgpbvkxjqz,rkyepdtmcbuihfjlvxsogznqwa
9,3000,-6762.002908994096,etoainhsrdlumwycfgpbvkxjqz,rkyepdtmcbuihfjlvxsogznqwa
9,3500,-6762.002908994096,etoainhsrdlumwycfgpbvkxjqz,rkyepdtmcbuihfjlvxsogznqwa
9,4000,-6762.002908994096,etoainhsrdlumwycfgpbvkxjqz,rkyepdtmcbuihfjlvxsogznqwa
9,4500,-6762.002908994096,etoainhsrdlumwycfgpbvkxjqz,rkyepdtmcbuihfjlvxsogznqwa
9,5000,-6762.002908994096,etoainhsrdlumwycfgpbvkxjqz,rkyepdtmcbuihfjlvxsogznqwa
9,5500,-6762.002908994096,etoainhsrdlumwycfgpbvkxjqz,rkyepdtmcbuihfjlvxsogznqwa
9,6000,-6762.002908994096,etoainhsrdlumwycfgpbvkxjqz,rkyepdtmcbuihfjlvxsogznqwa
9,6500,-6762.002908994096,etoainhsrdlumwycfgpbvkxjqz,rkyepdtmcbuihfjlvxsogznqwa
9,7000,-6762.002908994096,etoainhsrdlumwycfgpbvkxjqz,rkyepdtmcbuihfjlvxsogznqwa
9,7500,-6762.002908994096,etoainhsrdlumwycfgpbvkxjqz,rkyepdtmcbuihfjlvxsogznqwa
9,8000,-6762.002908994096,etoainhsrdlumwycfgpbvkxjqz,rkyepdtmcbuihfjlvxsogznqwa
9,8500,-6762.002908994096,etoainhsrdlumwycfgpbvkxjqz,rkyepdtmcbuihfjlvxsogznqwa
9,9000,-6762.002908994096,etoainhsrdlumwycfgpbvkxjqz,rkyepdtmcbuihfjlvxsogznqwa
9,9500,-6762.002908994096,etoainhsrdlumwycfgpbvkxjqz,rkyepdtmcbuihfjlvxsogznqwa
9,10000,-6762.002908994096,etoainhsrdlumwycfgpbvkxjqz,rkyepdtmcbuihfjlvxsogznqwa
9,10500,-6762.002908994096,etoainhsrdlumwycfgpbvkxjqz,rkyepdtmcbuihfjlvxsogznqwa
9,11000,-6762.002908994096,etoainhsrdlumwycfgpbvkxjqz,rkyepdtmcbuihfjlvxsogznqwa
9,11500,-6762.002908994096,etoainhsrdlumwycfgpbvkxjqz,rkyepdtmcbuihfjlvxsogznqwa
9,12000,-6762.002908994096,etoainhsrdlumwycfgpbvkxjqz,rkyepdtmcbuihfjlvxsogznqwa
9,12500,-6762.002908994096,etoainhsrdlumwycfgpbvkxjqz,rkyepdtmcbuihfjlvxsogznqwa
9,13000,-6762.002908994096,etoainhsrdlumwycfgpbvkxjqz,rkyepdtmcbuihfjlvxsogznqwa
9,13500,-6762.002908994096,etoainhsrdlumwycfgpbvkxjqz,rkyepdtmcbuihfjlvxsogznqwa
9,14000,-6762.002908994096,etoainhsrdlumwycfgpbvkxjqz,rkyepdtmcbuihfjlvxsogznqwa
9,14500,-6762.002908994096,etoainhsrdlumwycfgpbvkxjqz,rkyepdtmcbuihfjlvxsogznqwa
9,15000,-6762.002908994096,etoainhsrdlumwycfgpbvkxjqz,rkyepdtmcbuihfjlvxsogznqwa
9,15500,-6762.002908994096,etoainhsrdlumwycfgpbvkxjqz,rkyepdtmcbuihfjlvxsogznqwa
9,16000,-6762.002908994096,etoainhsrdlumwycfgpbvkxjqz,rkyepdtmcbuihfjlvxsogznqwa
9,16500,-6762.002908994096,etoainhsrdlumwycfgpbvkxjqz,rkyepdtmcbuihfjlvxsogznqwa
9,17000,-6762.002908994096,etoainhsrdlumwycfgpbvkxjqz,rkyepdtmcbuihfjlvxsogznqwa
9,17500,-6762.002908994096,etoainhsrdlumwycfgpbvkxjqz,rkyepdtmcbuihfjlvxsogznqwa
9,18000,-6762.002908994096,etoainhsrdlumwycfgpbvkxjqz,rkyepdtmcbuihfjlvxsogznqwa
9,18500,-6762.002908994096,etoainhsrdlumwycfgpbvkxjqz,rkyepdtmcbuihfjlvxsogznqwa
9,19000,-6762.002908994096,etoainhsrdlumwycfgpbvkxjqz,rkyepdtmcbuihfjlvxsogznqwa
9,19500,-6762.002908994096,etoainhsrdlumwycfgpbvkxjqz,rkyepdtmcbuihfjlvxsogznqwa
10,0,-8347.978847763903,etoainhsrdlumwycfgpbvkxjqz,rkeytmdpcubijflhsvxozgnqwa
10,500,-7795.448276700197,etoainhsrdlumwycfgpbvkxjqz,rkeytdfmcjupboilxvshgzwqan
10,1000,-7618.089635713583,etoainhsrdlumwycfgpbvkxjqz,rkyepdjmcxuohtfbvislgzwqan
10,1500,-7104.759378886037,etoainhsrdlumwycfgpbvkxjqz,rkyepdtmcbushfojvxilgzwqan
10,2000,-6986.686733686814,etoainhsrdlumwycfgpbvkxjqz,rkyepdtmcbuohfjlvxisgzwqan
10,2500,-6764.939013414942,etoainhsrdlumwycfgpbvkxjqz,rkyepdtmcbuihfjlvxsogznqaw
10,3000,-6762.002908994096,etoainhsrdlumwycfgpbvkxjqz,rkyepdtmcbuihfjlvxsogznqwa
10,3500,-6762.002908994096,etoainhsrdlumwycfgpbvkxjqz,rkyepdtmcbuihfjlvxsogznqwa
10,4000,-6762.002908994096,etoainhsrdlumwycfgpbvkxjqz,rkyepdtmcbuihfjlvxsogznqwa
10,4500,-6762.002908994096,etoainhsrdlumwycfgpbvkxjqz,rkyepdtmcbuihfjlvxsogznqwa
10,5000,-6762.002908994096,etoainhsrdlumwycfgpbvkxjqz,rkyepdtmcbuihfjlvxsogznqwa
10,5500,-6762.002908994096,etoainhsrdlumwycfgpbvkxjqz,rkyepdtmcbuihfjlvxsogznqwa
10,6000,-6762.002908994096,etoainhsrdlumwycfgpbvkxjqz,rkyepdtmcbuihfjlvxsogznqwa
10,6500,-6762.002908994096,etoainhsrdlumwycfgpbvkxjqz,rkyepdtmcbuihfjlvxsogznqwa
10,7000,-6762.002908994096,etoainhsrdlumwycfgpbvkxjqz,rkyepdtmcbuihfjlvxsogznqwa
10,7500,-6762.002908994096,etoainhsrdlumwycfgpbvkxjqz,rkyepdtmcbuihfjlvxsogznqwa
10,8000,-6762.002908994096,etoainhsrdlumwycfgpbvkxjqz,rkyepdtmcbuihfjlvxsogznqwa
10,8500,-6762.002908994096,etoainhsrdlumwycfgpbvkxjqz,rkyepdtmcbuihfjlvxsogznqwa
10,9000,-6762.002908994096,etoainhsrdlumwycfgpbvkxjqz,rkyepdtmcbuihfjlvxsogznqwa
10,9500,-6762.002908994096,etoainhsrdlumwycfgpbvkxjqz,rkyepdtmcbuihfjlvxsogznqwa
10,10000,-6762.002908994096,etoainhsrdlumwycfgpbvkxjqz,rkyepdtmcbuihfjlvxsogznqwa
10,10500,-6762.002908994096,etoainhsrdlumwycfgpbvkxjqz,rkyepdtmcbuihfjlvxsogznqwa
10,11000,-6762.002908994096,etoainhsrdlumwycfgpbvkxjqz,rkyepdtmcbuihfjlvxsogznqwa
10,11500,-6762.002908994096,etoainhsrdlumwycfgpbvkxjqz,rkyepdtmcbuihfjlvxsogznqwa
10,12000,-6762.002908994096,etoainhsrdlumwycfgpbvkxjqz,rkyepdtmcbuihfjlvxsogznqwa
10,12500,-6762.002908994096,etoainhsrdlumwycfgpbvkxjqz,rkyepdtmcbuihfjlvxsogznqwa
10,13000,-6762.002908994096,etoainhsrdlumwycfgpbvkxjqz,rkyepdtmcbuihfjlvxsogznqwa
10,13500,-6762.002908994096,etoainhsrdlumwycfgpbvkxjqz,rkyepdtmcbuihfjlvxsogznqwa
10,14000,-6762.002908994096,etoainhsrdlumwycfgpbvkxjqz,rkyepdtmcbuihfjlvxsogznqwa
10,14500,-6762.002908994096,etoainhsrdlumwycfgpbvkxjqz,rkyepdtmcbuihfjlvxsogznqwa
10,15000,-6762.002908994096,etoainhsrdlumwycfgpbvkxjqz,rkyepdtmcbuihfjlvxsogznqwa
10,15500,-6762.002908994096,etoainhsrdlumwycfgpbvkxjqz,rkyepdtmcbuihfjlvxsogznqwa
10,16000,-6762.002908994096,etoainhsrdlumwycfgpbvkxjqz,rkyepdtmcbuihfjlvxsogznqwa
10,16500,-6762.002908994096,etoainhsrdlumwycfgpbvkxjqz,rkyepdtmcbuihfjlvxsogznqwa
10,17000,-6762.002908994096,etoainhsrdlumwycfgpbvkxjqz,rkyepdtmcbuihfjlvxsogznqwa
10,17500,-6762.002908994096,etoainhsrdlumwycfgpbvkxjqz,rkyepdtmcbuihfjlvxsogznqwa
10,18000,-6762.002908994096,etoainhsrdlumwycfgpbvkxjqz,rkyepdtmcbuihfjlvxsogznqwa
10,18500,-6762.002908994096,etoainhsrdlumwycfgpbvkxjqz,rkyepdtmcbuihfjlvxsogznqwa
10,19000,-6762.002908994096,etoainhsrdlumwycfgpbvkxjqz,rkyepdtmcbuihfjlvxsogznqwa
10,19500,-6762.002908994096,etoainhsrdlumwycfgpbvkxjqz,rkyepdtmcbuihfjlvxsogznqwa
11,0,-8347.978847763903,etoainhsrdlumwycfgpbvkxjqz,rkeytmdpcubijflhsvxozgnqwa
11,500,-7624.19041591666,etoainhsrdlumwycfgpbvkxjqz,rkyejitmcbdplsxuvhzfgoaqwn
11,1000,-6989.3336381146755,etoainhsrdlumwycfgpbvkxjqz,rkyepdtmcbuijfxlvohsgzaqnw
11,1500,-6935.665278015152,etoainhsrdlumwycfgpbvkxjqz,rkyepdtmcbuihfxlvjsogzaqwn
11,2000,-6762.002908994096,etoainhsrdlumwycfgpbvkxjqz,rkyepdtmcbuihfjlvxsogznqwa
11,2500,-6762.002908994096,etoainhsrdlumwycfgpbvkxjqz,rkyepdtmcbuihfjlvxsogznqwa
11,3000,-6762.002908994096,etoainhsrdlumwycfgpbvkxjqz,rkyepdtmcbuihfjlvxsogznqwa
11,3500,-6762.002908994096,etoainhsrdlumwycfgpbvkxjqz,rkyepdtmcbuihfjlvxsogznqwa
11,4000,-6762.002908994096,etoainhsrdlumwycfgpbvkxjqz,rkyepdtmcbuihfjlvxsogznqwa
11,4500,-6762.002908994096,etoainhsrdlumwycfgpbvkxjqz,rkyepdtmcbuihfjlvxsogznqwa
11,5000,-6762.002908994096,etoainhsrdlumwycfgpbvkxjqz,rkyepdtmcbuihfjlvxsogznqwa
11,5500,-6762.002908994096,etoainhsrdlumwycfgpbvkxjqz,rkyepdtmcbuihfjlvxsogznqwa
11,6000,-6762.002908994096,etoainhsrdlumwycfgpbvkxjqz,rkyepdtmcbuihfjlvxsogznqwa
11,6500,-6762.002908994096,etoainhsrdlumwycfgpbvkxjqz,rkyepdtmcbuihfjlvxsogznqwa
11,7000,-6762.002908994096,etoainhsrdlumwycfgpbvkxjqz,rkyepdtmcbuihfjlvxsogznqwa
11,7500,-6762.002908994096,etoainhsrdlumwycfgpbvkxjqz,rkyepdtmcbuihfjlvxsogznqwa
11,8000,-6762.002908994096,etoainhsrdlumwycfgpbvkxjqz,rkyepdtmcbuihfjlvxsogznqwa
11,8500,-6762.002908994096,etoainhsrdlumwycfgpbvkxjqz,rkyepdtmcbuihfjlvxsogznqwa
11,9000,-6762.002908994096,etoainhsrdlumwycfgpbvkxjqz,rkyepdtmcbuihfjlvxsogznqwa
11,9500,-6762.002908994096,etoainhsrdlumwycfgpbvkxjqz,rkyepdtmcbuihfjlvxsogznqwa
11,10000,-6762.002908994096,etoainhsrdlumwycfgpbvkxjqz,rkyepdtmcbuihfjlvxsogznqwa
11,10500,-6762.002908994096,etoainhsrdlumwycfgpbvkxjqz,rkyepdtmcbuihfjlvxsogznqwa
11,11000,-6762.002908994096,etoainhsrdlumwycfgpbvkxjqz,rkyepdtmcbuihfjlvxsogznqwa
11,11500,-6762.002908994096,etoainhsrdlumwycfgpbvkxjqz,rkyepdtmcbuihfjlvxsogznqwa
11,12000,-6762.002908994096,etoainhsrdlumwycfgpbvkxjqz,rkyepdtmcbuihfjlvxsogznqwa
11,12500,-6762.002908994096,etoainhsrdlumwycfgpbvkxjqz,rkyepdtmcbuihfjlvxsogznqwa
11,13000,-6762.002908994096,etoainhsrdlumwycfgpbvkxjqz,rkyepdtmcbuihfjlvxsogznqwa
11,13500,-6762.002908994096,etoainhsrdlumwycfgpbvkxjqz,rkyepdtmcbuihfjlvxsogznqwa
11,14000,-6762.002908994096,etoainhsrdlumwycfgpbvkxjqz,rkyepdtmcbuihfjlvxsogznqwa
11,14500,-6762.002908994096,etoainhsrdlumwycfgpbvkxjqz,rkyepdtmcbuihfjlvxsogznqwa
11,15000,-6762.002908994096,etoainhsrdlumwycfgpbvkxjqz,rkyepdtmcbuihfjlvxsogznqwa
11,15500,-6762.002908994096,etoainhsrdlumwycfgpbvkxjqz,rkyepdtmcbuihfjlvxsogznqwa
11,16000,-6762.002908994096,etoainhsrdlumwycfgpbvkxjqz,rkyepdtmcbuihfjlvxsogznqwa
11,16500,-6762.002908994096,etoainhsrdlumwycfgpbvkxjqz,rkyepdtmcbuihfjlvxsogznqwa
11,17000,-6762.002908994096,etoainhsrdlumwycfgpbvkxjqz,rkyepdtmcbuihfjlvxsogznqwa
11,17500,-6762.002908994096,etoainhsrdlumwycfgpbvkxjqz,rkyepdtmcbuihfjlvxsogznqwa
11,18000,-6762.002908994096,etoainhsrdlumwycfgpbvkxjqz,rkyepdtmcbuihfjlvxsogznqwa
11,18500,-6762.002908994096,etoainhsrdlumwycfgpbvkxjqz,rkyepdtmcbuihfjlvxsogznqwa
11,19000,-6762.002908994096,etoainhsrdlumwycfgpbvkxjqz,rkyepdtmcbuihfjlvxsogznqwa
11,19500,-6762.002908994096,etoainhsrdlumwycfgpbvkxjqz,rkyepdtmcbuihfjlvxsogznqwa
12,0,-8347.978847763903,etoainhsrdlumwycfgpbvkxjqz,rkeytmdpcubijflhsvxozgnqwa
12,500,-7688.143793412052,etoainhsrdlumwycfgpbvkxjqz,rkyetdjpcbmihfxlvsuogznqwa
12,1000,-7008.216235566906,etoainhsrdlumwycfgpbvkxjqz,rkyepdtmcboihfjlvsuxgznqwa
12,1500,-6762.002908994096,etoainhsrdlumwycfgpbvkxjqz,rkyepdtmcbuihfjlvxsogznqwa
12,2000,-6762.002908994096,etoainhsrdlumwycfgpbvkxjqz,rkyepdtmcbuihfjlvxsogznqwa
12,2500,-6762.002908994096,etoainhsrdlumwycfgpbvkxjqz,rkyepdtmcbuihfjlvxsogznqwa
12,3000,-6762.002908994096,etoainhsrdlumwycfgpbvkxjqz,rkyepdtmcbuihfjlvxsogznqwa
12,3500,-6762.002908994096,etoainhsrdlumwycfgpbvkxjqz,rkyepdtmcbuihfjlvxsogznqwa
12,4000,-6762.002908994096,etoainhsrdlumwycfgpbvkxjqz,rkyepdtmcbuihfjlvxsogznqwa
12,4500,-6762.002908994096,etoainhsrdlumwycfgpbvkxjqz,rkyepdtmcbuihfjlvxsogznqwa
12,5000,-6762.002908994096,etoainhsrdlumwycfgpbvkxjqz,rkyepdtmcbuihfjlvxsogznqwa
12,5500,-6762.002908994096,etoainhsrdlumwycfgpbvkxjqz,rkyepdtmcbuihfjlvxsogznqwa
12,6000,-6762.002908994096,etoainhsrdlumwycfgpbvkxjqz,rkyepdtmcbuihfjlvxsogznqwa
12,6500,-6762.002908994096,etoainhsrdlumwycfgpbvkxjqz,rkyepdtmcbuihfjlvxsogznqwa
12,7000,-6762.002908994096,etoainhsrdlumwycfgpbvkxjqz,rkyepdtmcbuihfjlvxsogznqwa
12,7500,-6762.002908994096,etoainhsrdlumwycfgpbvkxjqz,rkyepdtmcbuihfjlvxsogznqwa
12,8000,-6762.002908994096,etoainhsrdlumwycfgpbvkxjqz,rkyepdtmcbuihfjlvxsogznqwa
12,8500,-6762.002908994096,etoainhsrdlumwycfgpbvkxjqz,rkyepdtmcbuihfjlvxsogznqwa
12,9000,-6762.002908994096,etoainhsrdlumwycfgpbvkxjqz,rkyepdtmcbuihfjlvxsogznqwa
12,9500,-6762.002908994096,etoainhsrdlumwycfgpbvkxjqz,rkyepdtmcbuihfjlvxsogznqwa
12,10000,-6762.002908994096,etoainhsrdlumwycfgpbvkxjqz,rkyepdtmcbuihfjlvxsogznqwa
12,10500,-6762.002908994096,etoainhsrdlumwycfgpbvkxjqz,rkyepdtmcbuihfjlvxsogznqwa
12,11000,-6762.002908994096,etoainhsrdlumwycfgpbvkxjqz,rkyepdtmcbuihfjlvxsogznqwa
12,11500,-6762.002908994096,etoainhsrdlumwycfgpbvkxjqz,rkyepdtmcbuihfjlvxsogznqwa
12,12000,-6762.002908994096,etoainhsrdlumwycfgpbvkxjqz,rkyepdtmcbuihfjlvxsogznqwa
12,12500,-6762.002908994096,etoainhsrdlumwycfgpbvkxjqz,rkyepdtmcbuihfjlvxsogznqwa
12,13000,-6762.002908994096,etoainhsrdlumwycfgpbvkxjqz,rkyepdtmcbuihfjlvxsogznqwa
12,13500,-6762.002908994096,etoainhsrdlumwycfgpbvkxjqz,rkyepdtmcbuihfjlvxsogznqwa
12,14000,-6762.002908994096,etoainhsrdlumwycfgpbvkxjqz,rkyepdtmcbuihfjlvxsogznqwa
12,14500,-6762.002908994096,etoainhsrdlumwycfgpbvkxjqz,rkyepdtmcbuihfjlvxsogznqwa
12,15000,-6762.002908994096,etoainhsrdlumwycfgpbvkxjqz,rkyepdtmcbuihfjlvxsogznqwa
12,15500,-6762.002908994096,etoainhsrdlumwycfgpbvkxjqz,rkyepdtmcbuihfjlvxsogznqwa
12,16000,-6762.002908994096,etoainhsrdlumwycfgpbvkxjqz,rkyepdtmcbuihfjlvxsogznqwa
12,16500,-6762.002908994096,etoainhsrdlumwycfgpbvkxjqz,rkyepdtmcbuihfjlvxsogznqwa
12,17000,-6762.002908994096,etoainhsrdlumwycfgpbvkxjqz,rkyepdtmcbuihfjlvxsogznqwa
12,17500,-6762.002908994096,etoainhsrdlumwycfgpbvkxjqz,rkyepdtmcbuihfjlvxsogznqwa
12,18000,-6762.002908994096,etoainhsrdlumwycfgpbvkxjqz,rkyepdtmcbuihfjlvxsogznqwa
12,18500,-6762.002908994096,etoainhsrdlumwycfgpbvkxjqz,rkyepdtmcbuihfjlvxsogznqwa
12,19000,-6762.002908994096,etoainhsrdlumwycfgpbvkxjqz,rkyepdtmcbuihfjlvxsogznqwa
12,19500,-6762.002908994096,etoainhsrdlumwycfgpbvkxjqz,rkyepdtmcbuihfjlvxsogznqwa
13,0,-8347.978847763903,etoainhsrdlumwycfgpbvkxjqz,rkeytmdpcubijflhsvxozgnqwa
13,500,-7844.627614172512,etoainhsrdlumwycfgpbvkxjqz,rkepymtjchuidfxsovblgznqwa
13,1000,-6855.046501220931,etoainhsrdlumwycfgpbvkxjqz,rkyepdtmcbuihfjlxvsogznawq
13,1500,-6762.002908994096,etoainhsrdlumwycfgpbvkxjqz,rkyepdtmcbuihfjlvxsogznqwa
13,2000,-6762.002908994096,etoainhsrdlumwycfgpbvkxjqz,rkyepdtmcbuihfjlvxsogznqwa
13,2500,-6762.002908994096,etoainhsrdlumwycfgpbvkxjqz,rkyepdtmcbuihfjlvxsogznqwa
13,3000,-6762.002908994096,etoainhsrdlumwycfgpbvkxjqz,rkyepdtmcbuihfjlvxsogznqwa
13,3500,-6762.002908994096,etoainhsrdlumwycfgpbvkxjqz,rkyepdtmcbuihfjlvxsogznqwa
13,4000,-6762.002908994096,etoainhsrdlumwycfgpbvkxjqz,rkyepdtmcbuihfjlvxsogznqwa
13,4500,-6762.002908994096,etoainhsrdlumwycfgpbvkxjqz,rkyepdtmcbuihfjlvxsogznqwa
13,5000,-6762.002908994096,etoainhsrdlumwycfgpbvkxjqz,rkyepdtmcbuihfjlvxsogznqwa
13,5500,-6762.002908994096,etoainhsrdlumwycfgpbvkxjqz,rkyepdtmcbuihfjlvxsogznqwa
13,6000,-6762.002908994096,etoainhsrdlumwycfgpbvkxjqz,rkyepdtmcbuihfjlvxsogznqwa
13,6500,-6762.002908994096,etoainhsrdlumwycfgpbvkxjqz,rkyepdtmcbuihfjlvxsogznqwa
13,7000,-6762.002908994096,etoainhsrdlumwycfgpbvkxjqz,rkyepdtmcbuihfjlvxsogznqwa
13,7500,-6762.002908994096,etoainhsrdlumwycfgpbvkxjqz,rkyepdtmcbuihfjlvxsogznqwa
13,8000,-6762.002908994096,etoainhsrdlumwycfgpbvkxjqz,rkyepdtmcbuihfjlvxsogznqwa
13,8500,-6762.002908994096,etoainhsrdlumwycfgpbvkxjqz,rkyepdtmcbuihfjlvxsogznqwa
13,9000,-6762.002908994096,etoainhsrdlumwycfgpbvkxjqz,rkyepdtmcbuihfjlvxsogznqwa
13,9500,-6762.002908994096,etoainhsrdlumwycfgpbvkxjqz,rkyepdtmcbuihfjlvxsogznqwa
13,10000,-6762.002908994096,etoainhsrdlumwycfgpbvkxjqz,rkyepdtmcbuihfjlvxsogznqwa
13,10500,-6762.002908994096,etoainhsrdlumwycfgpbvkxjqz,rkyepdtmcbuihfjlvxsogznqwa
13,11000,-6762.002908994096,etoainhsrdlumwycfgpbvkxjqz,rkyepdtmcbuihfjlvxsogznqwa
13,11500,-6762.002908994096,etoainhsrdlumwycfgpbvkxjqz,rkyepdtmcbuihfjlvxsogznqwa
13,12000,-6762.002908994096,etoainhsrdlumwycfgpbvkxjqz,rkyepdtmcbuihfjlvxsogznqwa
13,12500,-6762.002908994096,etoainhsrdlumwycfgpbvkxjqz,rkyepdtmcbuihfjlvxsogznqwa
13,13000,-6762.002908994096,etoainhsrdlumwycfgpbvkxjqz,rkyepdtmcbuihfjlvxsogznqwa
13,13500,-6762.002908994096,etoainhsrdlumwycfgpbvkxjqz,rkyepdtmcbuihfjlvxsogznqwa
13,14000,-6762.002908994096,etoainhsrdlumwycfgpbvkxjqz,rkyepdtmcbuihfjlvxsogznqwa
13,14500,-6762.002908994096,etoainhsrdlumwycfgpbvkxjqz,rkyepdtmcbuihfjlvxsogznqwa
13,15000,-6762.002908994096,etoainhsrdlumwycfgpbvkxjqz,rkyepdtmcbuihfjlvxsogznqwa
13,15500,-6762.002908994096,etoainhsrdlumwycfgpbvkxjqz,rkyepdtmcbuihfjlvxsogznqwa
13,16000,-6762.002908994096,etoainhsrdlumwycfgpbvkxjqz,rkyepdtmcbuihfjlvxsogznqwa
13,16500,-6762.002908994096,etoainhsrdlumwycfgpbvkxjqz,rkyepdtmcbuihfjlvxsogznqwa
13,17000,-6762.002908994096,etoainhsrdlumwycfgpbvkxjqz,rkyepdtmcbuihfjlvxsogznqwa
13,17500,-6762.002908994096,etoainhsrdlumwycfgpbvkxjqz,rkyepdtmcbuihfjlvxsogznqwa
13,18000,-6762.002908994096,etoainhsrdlumwycfgpbvkxjqz,rkyepdtmcbuihfjlvxsogznqwa
13,18500,-6762.002908994096,etoainhsrdlumwycfgpbvkxjqz,rkyepdtmcbuihfjlvxsogznqwa
13,19000,-6762.002908994096,etoainhsrdlumwycfgpbvkxjqz,rkyepdtmcbuihfjlvxsogznqwa
13,19500,-6762.002908994096,etoainhsrdlumwycfgpbvkxjqz,rkyepdtmcbuihfjlvxsogznqwa
14,0,-8347.978847763903,etoainhsrdlumwycfgpbvkxjqz,rkeytmdpcubijflhsvxozgnqwa
14,500,-7989.756922367744,etoainhsrdlumwycfgpbvkxjqz,rkpytmjedlciuhxbofsvgznqwa
14,1000,-7533.093657678217,etoainhsrdlumwycfgpbvkxjqz,rkeypctmdluixhjfovbsgznqwa
14,1500,-6762.002908994096,etoainhsrdlumwycfgpbvkxjqz,rkyepdtmcbuihfjlvxsogznqwa
14,2000,-6762.002908994096,etoainhsrdlumwycfgpbvkxjqz,rkyepdtmcbuihfjlvxsogznqwa
14,2500,-6762.002908994096,etoainhsrdlumwycfgpbvkxjqz,rkyepdtmcbuihfjlvxsogznqwa
14,3000,-6762.002908994096,etoainhsrdlumwycfgpbvkxjqz,rkyepdtmcbuihfjlvxsogznqwa
14,3500,-6762.002908994096,etoainhsrdlumwycfgpbvkxjqz,rkyepdtmcbuihfjlvxsogznqwa
14,4000,-6762.002908994096,etoainhsrdlumwycfgpbvkxjqz,rkyepdtmcbuihfjlvxsogznqwa
14,4500,-6762.002908994096,etoainhsrdlumwycfgpbvkxjqz,rkyepdtmcbuihfjlvxsogznqwa
14,5000,-6762.002908994096,etoainhsrdlumwycfgpbvkxjqz,rkyepdtmcbuihfjlvxsogznqwa
14,5500,-6762.002908994096,etoainhsrdlumwycfgpbvkxjqz,rkyepdtmcbuihfjlvxsogznqwa
14,6000,-6762.002908994096,etoainhsrdlumwycfgpbvkxjqz,rkyepdtmcbuihfjlvxsogznqwa
14,6500,-6762.002908994096,etoainhsrdlumwycfgpbvkxjqz,rkyepdtmcbuihfjlvxsogznqwa
14,7000,-6762.002908994096,etoainhsrdlumwycfgpbvkxjqz,rkyepdtmcbuihfjlvxsogznqwa
14,7500,-6762.002908994096,etoainhsrdlumwycfgpbvkxjqz,rkyepdtmcbuihfjlvxsogznqwa
14,8000,-6762.002908994096,etoainhsrdlumwycfgpbvkxjqz,rkyepdtmcbuihfjlvxsogznqwa
14,8500,-6762.002908994096,etoainhsrdlumwycfgpbvkxjqz,rkyepdtmcbuihfjlvxsogznqwa
14,9000,-6762.002908994096,etoainhsrdlumwycfgpbvkxjqz,rkyepdtmcbuihfjlvxsogznqwa
14,9500,-6762.002908994096,etoainhsrdlumwycfgpbvkxjqz,rkyepdtmcbuihfjlvxsogznqwa
14,10000,-6762.002908994096,etoainhsrdlumwycfgpbvkxjqz,rkyepdtmcbuihfjlvxsogznqwa
14,10500,-6762.002908994096,etoainhsrdlumwycfgpbvkxjqz,rkyepdtmcbuihfjlvxsogznqwa
14,11000,-6762.002908994096,etoainhsrdlumwycfgpbvkxjqz,rkyepdtmcbuihfjlvxsogznqwa
14,11500,-6762.002908994096,etoainhsrdlumwycfgpbvkxjqz,rkyepdtmcbuihfjlvxsogznqwa
14,12000,-6762.002908994096,etoainhsrdlumwycfgpbvkxjqz,rkyepdtmcbuihfjlvxsogznqwa
14,12500,-6762.002908994096,etoainhsrdlumwycfgpbvkxjqz,rkyepdtmcbuihfjlvxsogznqwa
14,13000,-6762.002908994096,etoainhsrdlumwycfgpbvkxjqz,rkyepdtmcbuihfjlvxsogznqwa
14,13500,-6762.002908994096,etoainhsrdlumwycfgpbvkxjqz,rkyepdtmcbuihfjlvxsogznqwa
14,14000,-6762.002908994096,etoainhsrdlumwycfgpbvkxjqz,rkyepdtmcbuihfjlvxsogznqwa
14,14500,-6762.002908994096,etoainhsrdlumwycfgpbvkxjqz,rkyepdtmcbuihfjlvxsogznqwa
14,15000,-6762.002908994096,etoainhsrdlumwycfgpbvkxjqz,rkyepdtmcbuihfjlvxsogznqwa
14,15500,-6762.002908994096,etoainhsrdlumwycfgpbvkxjqz,rkyepdtmcbuihfjlvxsogznqwa
14,16000,-6762.002908994096,etoainhsrdlumwycfgpbvkxjqz,rkyepdtmcbuihfjlvxsogznqwa
14,16500,-6762.002908994096,etoainhsrdlumwycfgpbvkxjqz,rkyepdtmcbuihfjlvxsogznqwa
14,17000,-6762.002908994096,etoainhsrdlumwycfgpbvkxjqz,rkyepdtmcbuihfjlvxsogznqwa
14,17500,-6762.002908994096,etoainhsrdlumwycfgpbvkxjqz,rkyepdtmcbuihfjlvxsogznqwa
14,18000,-6762.002908994096,etoainhsrdlumwycfgpbvkxjqz,rkyepdtmcbuihfjlvxsogznqwa
14,18500,-6762.002908994096,etoainhsrdlumwycfgpbvkxjqz,rkyepdtmcbuihfjlvxsogznqwa
14,19000,-6762.002908994096,etoainhsrdlumwycfgpbvkxjqz,rkyepdtmcbuihfjlvxsogznqwa
14,19500,-6762.002908994096,etoainhsrdlumwycfgpbvkxjqz,rkyepdtmcbuihfjlvxsogznqwa
15,0,-8346.755845922387,etoainhsrdlumwycfgpbvkxjqz,rkeytmdpcubijflhsvxozgaqwn
15,500,-7029.079030276263,etoainhsrdlumwycfgpbvkxjqz,rkyepdtmcluihfjbvxzogsaqwn
15,1000,-6762.002908994096,etoainhsrdlumwycfgpbvkxjqz,rkyepdtmcbuihfjlvxsogznqwa
15,1500,-6762.002908994096,etoainhsrdlumwycfgpbvkxjqz,rkyepdtmcbuihfjlvxsogznqwa
15,2000,-6762.002908994096,etoainhsrdlumwycfgpbvkxjqz,rkyepdtmcbuihfjlvxsogznqwa
15,2500,-6762.002908994096,etoainhsrdlumwycfgpbvkxjqz,rkyepdtmcbuihfjlvxsogznqwa
15,3000,-6762.002908994096,etoainhsrdlumwycfgpbvkxjqz,rkyepdtmcbuihfjlvxsogznqwa
15,3500,-6762.002908994096,etoainhsrdlumwycfgpbvkxjqz,rkyepdtmcbuihfjlvxsogznqwa
15,4000,-6762.002908994096,etoainhsrdlumwycfgpbvkxjqz,rkyepdtmcbuihfjlvxsogznqwa
15,4500,-6762.002908994096,etoainhsrdlumwycfgpbvkxjqz,rkyepdtmcbuihfjlvxsogznqwa
15,5000,-6762.002908994096,etoainhsrdlumwycfgpbvkxjqz,rkyepdtmcbuihfjlvxsogznqwa
15,5500,-6762.002908994096,etoainhsrdlumwycfgpbvkxjqz,rkyepdtmcbuihfjlvxsogznqwa
15,6000,-6762.002908994096,etoainhsrdlumwycfgpbvkxjqz,rkyepdtmcbuihfjlvxsogznqwa
15,6500,-6762.002908994096,etoainhsrdlumwycfgpbvkxjqz,rkyepdtmcbuihfjlvxsogznqwa
15,7000,-6762.002908994096,etoainhsrdlumwycfgpbvkxjqz,rkyepdtmcbuihfjlvxsogznqwa
15,7500,-6762.002908994096,etoainhsrdlumwycfgpbvkxjqz,rkyepdtmcbuihfjlvxsogznqwa
15,8000,-6762.002908994096,etoainhsrdlumwycfgpbvkxjqz,rkyepdtmcbuihfjlvxsogznqwa
15,8500,-6762.002908994096,etoainhsrdlumwycfgpbvkxjqz,rkyepdtmcbuihfjlvxsogznqwa
15,9000,-6762.002908994096,etoainhsrdlumwycfgpbvkxjqz,rkyepdtmcbuihfjlvxsogznqwa
15,9500,-6762.002908994096,etoainhsrdlumwycfgpbvkxjqz,rkyepdtmcbuihfjlvxsogznqwa
15,10000,-6762.002908994096,etoainhsrdlumwycfgpbvkxjqz,rkyepdtmcbuihfjlvxsogznqwa
15,10500,-6762.002908994096,etoainhsrdlumwycfgpbvkxjqz,rkyepdtmcbuihfjlvxsogznqwa
15,11000,-6762.002908994096,etoainhsrdlumwycfgpbvkxjqz,rkyepdtmcbuihfjlvxsogznqwa
15,11500,-6762.002908994096,etoainhsrdlumwycfgpbvkxjqz,rkyepdtmcbuihfjlvxsogznqwa
15,12000,-6762.002908994096,etoainhsrdlumwycfgpbvkxjqz,rkyepdtmcbuihfjlvxsogznqwa
15,12500,-6762.002908994096,etoainhsrdlumwycfgpbvkxjqz,rkyepdtmcbuihfjlvxsogznqwa
15,13000,-6762.002908994096,etoainhsrdlumwycfgpbvkxjqz,rkyepdtmcbuihfjlvxsogznqwa
15,13500,-6762.002908994096,etoainhsrdlumwycfgpbvkxjqz,rkyepdtmcbuihfjlvxsogznqwa
15,14000,-6762.002908994096,etoainhsrdlumwycfgpbvkxjqz,rkyepdtmcbuihfjlvxsogznqwa
15,14500,-6762.002908994096,etoainhsrdlumwycfgpbvkxjqz,rkyepdtmcbuihfjlvxsogznqwa
15,15000,-6762.002908994096,etoainhsrdlumwycfgpbvkxjqz,rkyepdtmcbuihfjlvxsogznqwa
15,15500,-6762.002908994096,etoainhsrdlumwycfgpbvkxjqz,rkyepdtmcbuihfjlvxsogznqwa
15,16000,-6762.002908994096,etoainhsrdlumwycfgpbvkxjqz,rkyepdtmcbuihfjlvxsogznqwa
15,16500,-6762.002908994096,etoainhsrdlumwycfgpbvkxjqz,rkyepdtmcbuihfjlvxsogznqwa
15,17000,-6762.002908994096,etoainhsrdlumwycfgpbvkxjqz,rkyepdtmcbuihfjlvxsogznqwa
15,17500,-6762.002908994096,etoainhsrdlumwycfgpbvkxjqz,rkyepdtmcbuihfjlvxsogznqwa
15,18000,-6762.002908994096,etoainhsrdlumwycfgpbvkxjqz,rkyepdtmcbuihfjlvxsogznqwa
15,18500,-6762.002908994096,etoainhsrdlumwycfgpbvkxjqz,rkyepdtmcbuihfjlvxsogznqwa
15,19000,-6762.002908994096,etoainhsrdlumwycfgpbvkxjqz,rkyepdtmcbuihfjlvxsogznqwa
15,19500,-6762.002908994096,etoainhsrdlumwycfgpbvkxjqz,rkyepdtmcbuihfjlvxsogznqwa
16,0,-8347.978847763903,etoainhsrdlumwycfgpbvkxjqz,rkeytmdpcubijflhsvxozgnqwa
16,500,-7583.322187794962,etoainhsrdlumwycfgpbvkxjqz,rkypemtsdfuicvjbzhlogxnqwa
16,1000,-7070.146931476483,etoainhsrdlumwycfgpbvkxjqz,rkypedtmcbuihfjlxsvogznqwa
16,1500,-6762.002908994096,etoainhsrdlumwycfgpbvkxjqz,rkyepdtmcbuihfjlvxsogznqwa
16,2000,-6762.002908994096,etoainhsrdlumwycfgpbvkxjqz,rkyepdtmcbuihfjlvxsogznqwa
16,2500,-6762.002908994096,etoainhsrdlumwycfgpbvkxjqz,rkyepdtmcbuihfjlvxsogznqwa
16,3000,-6762.002908994096,etoainhsrdlumwycfgpbvkxjqz,rkyepdtmcbuihfjlvxsogznqwa
16,3500,-6762.002908994096,etoainhsrdlumwycfgpbvkxjqz,rkyepdtmcbuihfjlvxsogznqwa
16,4000,-6762.002908994096,etoainhsrdlumwycfgpbvkxjqz,rkyepdtmcbuihfjlvxsogznqwa
16,4500,-6762.002908994096,etoainhsrdlumwycfgpbvkxjqz,rkyepdtmcbuihfjlvxsogznqwa
16,5000,-6762.002908994096,etoainhsrdlumwycfgpbvkxjqz,rkyepdtmcbuihfjlvxsogznqwa
16,5500,-6762.002908994096,etoainhsrdlumwycfgpbvkxjqz,rkyepdtmcbuihfjlvxsogznqwa
16,6000,-6762.002908994096,etoainhsrdlumwycfgpbvkxjqz,rkyepdtmcbuihfjlvxsogznqwa
16,6500,-6762.002908994096,etoainhsrdlumwycfgpbvkxjqz,rkyepdtmcbuihfjlvxsogznqwa
16,7000,-6762.002908994096,etoainhsrdlumwycfgpbvkxjqz,rkyepdtmcbuihfjlvxsogznqwa
16,7500,-6762.002908994096,etoainhsrdlumwycfgpbvkxjqz,rkyepdtmcbuihfjlvxsogznqwa
16,8000,-6762.002908994096,etoainhsrdlumwycfgpbvkxjqz,rkyepdtmcbuihfjlvxsogznqwa
16,8500,-6762.002908994096,etoainhsrdlumwycfgpbvkxjqz,rkyepdtmcbuihfjlvxsogznqwa
16,9000,-6762.002908994096,etoainhsrdlumwycfgpbvkxjqz,rkyepdtmcbuihfjlvxsogznqwa
16,9500,-6762.002908994096,etoainhsrdlumwycfgpbvkxjqz,rkyepdtmcbuihfjlvxsogznqwa
16,10000,-6762.002908994096,etoainhsrdlumwycfgpbvkxjqz,rkyepdtmcbuihfjlvxsogznqwa
16,10500,-6762.002908994096,etoainhsrdlumwycfgpbvkxjqz,rkyepdtmcbuihfjlvxsogznqwa
16,11000,-6762.002908994096,etoainhsrdlumwycfgpbvkxjqz,rkyepdtmcbuihfjlvxsogznqwa
16,11500,-6762.002908994096,etoainhsrdlumwycfgpbvkxjqz,rkyepdtmcbuihfjlvxsogznqwa
16,12000,-6762.002908994096,etoainhsrdlumwycfgpbvkxjqz,rkyepdtmcbuihfjlvxsogznqwa
16,12500,-6762.002908994096,etoainhsrdlumwycfgpbvkxjqz,rkyepdtmcbuihfjlvxsogznqwa
16,13000,-6762.002908994096,etoainhsrdlumwycfgpbvkxjqz,rkyepdtmcbuihfjlvxsogznqwa
16,13500,-6762.002908994096,etoainhsrdlumwycfgpbvkxjqz,rkyepdtmcbuihfjlvxsogznqwa
16,14000,-6762.002908994096,etoainhsrdlumwycfgpbvkxjqz,rkyepdtmcbuihfjlvxsogznqwa
16,14500,-6762.002908994096,etoainhsrdlumwycfgpbvkxjqz,rkyepdtmcbuihfjlvxsogznqwa
16,15000,-6762.002908994096,etoainhsrdlumwycfgpbvkxjqz,rkyepdtmcbuihfjlvxsogznqwa
16,15500,-6762.002908994096,etoainhsrdlumwycfgpbvkxjqz,rkyepdtmcbuihfjlvxsogznqwa
16,16000,-6762.002908994096,etoainhsrdlumwycfgpbvkxjqz,rkyepdtmcbuihfjlvxsogznqwa
16,16500,-6762.002908994096,etoainhsrdlumwycfgpbvkxjqz,rkyepdtmcbuihfjlvxsogznqwa
16,17000,-6762.002908994096,etoainhsrdlumwycfgpbvkxjqz,rkyepdtmcbuihfjlvxsogznqwa
16,17500,-6762.002908994096,etoainhsrdlumwycfgpbvkxjqz,rkyepdtmcbuihfjlvxsogznqwa
16,18000,-6762.002908994096,etoainhsrdlumwycfgpbvkxjqz,rkyepdtmcbuihfjlvxsogznqwa
16,18500,-6762.002908994096,etoainhsrdlumwycfgpbvkxjqz,rkyepdtmcbuihfjlvxsogznqwa
16,19000,-6762.002908994096,etoainhsrdlumwycfgpbvkxjqz,rkyepdtmcbuihfjlvxsogznqwa
16,19500,-6762.002908994096,etoainhsrdlumwycfgpbvkxjqz,rkyepdtmcbuihfjlvxsogznqwa
17,0,-8335.653399415998,etoainhsrdlumwycfgpbvkxjqz,rkeytmdpcubijlfhsvxozgnqwa
17,500,-7771.739351045191,etoainhsrdlumwycfgpbvkxjqz,rkyetdfmcpuishblvxjogznqwa
17,1000,-7439.254151866626,etoainhsrdlumwycfgpbvkxjqz,rkyepdsmcbulhfjtvxiogzwqna
17,1500,-6762.002908994096,etoainhsrdlumwycfgpbvkxjqz,rkyepdtmcbuihfjlvxsogznqwa
17,2000,-6762.002908994096,etoainhsrdlumwycfgpbvkxjqz,rkyepdtmcbuihfjlvxsogznqwa
17,2500,-6762.002908994096,etoainhsrdlumwycfgpbvkxjqz,rkyepdtmcbuihfjlvxsogznqwa
17,3000,-6762.002908994096,etoainhsrdlumwycfgpbvkxjqz,rkyepdtmcbuihfjlvxsogznqwa
17,3500,-6762.002908994096,etoainhsrdlumwycfgpbvkxjqz,rkyepdtmcbuihfjlvxsogznqwa
17,4000,-6762.002908994096,etoainhsrdlumwycfgpbvkxjqz,rkyepdtmcbuihfjlvxsogznqwa
17,4500,-6762.002908994096,etoainhsrdlumwycfgpbvkxjqz,rkyepdtmcbuihfjlvxsogznqwa
17,5000,-6762.002908994096,etoainhsrdlumwycfgpbvkxjqz,rkyepdtmcbuihfjlvxsogznqwa
17,5500,-6762.002908994096,etoainhsrdlumwycfgpbvkxjqz,rkyepdtmcbuihfjlvxsogznqwa
17,6000,-6762.002908994096,etoainhsrdlumwycfgpbvkxjqz,rkyepdtmcbuihfjlvxsogznqwa
17,6500,-6762.002908994096,etoainhsrdlumwycfgpbvkxjqz,rkyepdtmcbuihfjlvxsogznqwa
17,7000,-6762.002908994096,etoainhsrdlumwycfgpbvkxjqz,rkyepdtmcbuihfjlvxsogznqwa
17,7500,-6762.002908994096,etoainhsrdlumwycfgpbvkxjqz,rkyepdtmcbuihfjlvxsogznqwa
17,8000,-6762.002908994096,etoainhsrdlumwycfgpbvkxjqz,rkyepdtmcbuihfjlvxsogznqwa
17,8500,-6762.002908994096,etoainhsrdlumwycfgpbvkxjqz,rkyepdtmcbuihfjlvxsogznqwa
17,9000,-6762.002908994096,etoainhsrdlumwycfgpbvkxjqz,rkyepdtmcbuihfjlvxsogznqwa
17,9500,-6762.002908994096,etoainhsrdlumwycfgpbvkxjqz,rkyepdtmcbuihfjlvxsogznqwa
17,10000,-6762.002908994096,etoainhsrdlumwycfgpbvkxjqz,rkyepdtmcbuihfjlvxsogznqwa
17,10500,-6762.002908994096,etoainhsrdlumwycfgpbvkxjqz,rkyepdtmcbuihfjlvxsogznqwa
17,11000,-6762.002908994096,etoainhsrdlumwycfgpbvkxjqz,rkyepdtmcbuihfjlvxsogznqwa
17,11500,-6762.002908994096,etoainhsrdlumwycfgpbvkxjqz,rkyepdtmcbuihfjlvxsogznqwa
17,12000,-6762.002908994096,etoainhsrdlumwycfgpbvkxjqz,rkyepdtmcbuihfjlvxsogznqwa
17,12500,-6762.002908994096,etoainhsrdlumwycfgpbvkxjqz,rkyepdtmcbuihfjlvxsogznqwa
17,13000,-6762.002908994096,etoainhsrdlumwycfgpbvkxjqz,rkyepdtmcbuihfjlvxsogznqwa
17,13500,-6762.002908994096,etoainhsrdlumwycfgpbvkxjqz,rkyepdtmcbuihfjlvxsogznqwa
17,14000,-6762.002908994096,etoainhsrdlumwycfgpbvkxjqz,rkyepdtmcbuihfjlvxsogznqwa
17,14500,-6762.002908994096,etoainhsrdlumwycfgpbvkxjqz,rkyepdtmcbuihfjlvxsogznqwa
17,15000,-6762.002908994096,etoainhsrdlumwycfgpbvkxjqz,rkyepdtmcbuihfjlvxsogznqwa
17,15500,-6762.002908994096,etoainhsrdlumwycfgpbvkxjqz,rkyepdtmcbuihfjlvxsogznqwa
17,16000,-6762.002908994096,etoainhsrdlumwycfgpbvkxjqz,rkyepdtmcbuihfjlvxsogznqwa
17,16500,-6762.002908994096,etoainhsrdlumwycfgpbvkxjqz,rkyepdtmcbuihfjlvxsogznqwa
17,17000,-6762.002908994096,etoainhsrdlumwycfgpbvkxjqz,rkyepdtmcbuihfjlvxsogznqwa
17,17500,-6762.002908994096,etoainhsrdlumwycfgpbvkxjqz,rkyepdtmcbuihfjlvxsogznqwa
17,18000,-6762.002908994096,etoainhsrdlumwycfgpbvkxjqz,rkyepdtmcbuihfjlvxsogznqwa
17,18500,-6762.002908994096,etoainhsrdlumwycfgpbvkxjqz,rkyepdtmcbuihfjlvxsogznqwa
17,19000,-6762.002908994096,etoainhsrdlumwycfgpbvkxjqz,rkyepdtmcbuihfjlvxsogznqwa
17,19500,-6762.002908994096,etoainhsrdlumwycfgpbvkxjqz,rkyepdtmcbuihfjlvxsogznqwa
18,0,-8347.978847763903,etoainhsrdlumwycfgpbvkxjqz,rkeytmdpcubijflhsvxozgnqwa
18,500,-7646.300279830077,etoainhsrdlumwycfgpbvkxjqz,rkyepdjmcbutlozsvxifghnqaw
18,1000,-7323.428771682452,etoainhsrdlumwycfgpbvkxjqz,rkyepdjmcbtihfslvxuogzaqwn
18,1500,-6766.938762269689,etoainhsrdlumwycfgpbvkxjqz,rkyepdtmcbuihfjlvxsogzanwq
18,2000,-6765.778857035471,etoainhsrdlumwycfgpbvkxjqz,rkyepdtmcbuihfjlvxsogznawq
18,2500,-6762.002908994096,etoainhsrdlumwycfgpbvkxjqz,rkyepdtmcbuihfjlvxsogznqwa
18,3000,-6762.002908994096,etoainhsrdlumwycfgpbvkxjqz,rkyepdtmcbuihfjlvxsogznqwa
18,3500,-6762.002908994096,etoainhsrdlumwycfgpbvkxjqz,rkyepdtmcbuihfjlvxsogznqwa
18,4000,-6762.002908994096,etoainhsrdlumwycfgpbvkxjqz,rkyepdtmcbuihfjlvxsogznqwa
18,4500,-6762.002908994096,etoainhsrdlumwycfgpbvkxjqz,rkyepdtmcbuihfjlvxsogznqwa
18,5000,-6762.002908994096,etoainhsrdlumwycfgpbvkxjqz,rkyepdtmcbuihfjlvxsogznqwa
18,5500,-6762.002908994096,etoainhsrdlumwycfgpbvkxjqz,rkyepdtmcbuihfjlvxsogznqwa
18,6000,-6762.002908994096,etoainhsrdlumwycfgpbvkxjqz,rkyepdtmcbuihfjlvxsogznqwa
18,6500,-6762.002908994096,etoainhsrdlumwycfgpbvkxjqz,rkyepdtmcbuihfjlvxsogznqwa
18,7000,-6762.002908994096,etoainhsrdlumwycfgpbvkxjqz,rkyepdtmcbuihfjlvxsogznqwa
18,7500,-6762.002908994096,etoainhsrdlumwycfgpbvkxjqz,rkyepdtmcbuihfjlvxsogznqwa
18,8000,-6762.002908994096,etoainhsrdlumwycfgpbvkxjqz,rkyepdtmcbuihfjlvxsogznqwa
18,8500,-6762.002908994096,etoainhsrdlumwycfgpbvkxjqz,rkyepdtmcbuihfjlvxsogznqwa
18,9000,-6762.002908994096,etoainhsrdlumwycfgpbvkxjqz,rkyepdtmcbuihfjlvxsogznqwa
18,9500,-6762.002908994096,etoainhsrdlumwycfgpbvkxjqz,rkyepdtmcbuihfjlvxsogznqwa
18,10000,-6762.002908994096,etoainhsrdlumwycfgpbvkxjqz,rkyepdtmcbuihfjlvxsogznqwa
18,10500,-6762.002908994096,etoainhsrdlumwycfgpbvkxjqz,rkyepdtmcbuihfjlvxsogznqwa
18,11000,-6762.002908994096,etoainhsrdlumwycfgpbvkxjqz,rkyepdtmcbuihfjlvxsogznqwa
18,11500,-6762.002908994096,etoainhsrdlumwycfgpbvkxjqz,rkyepdtmcbuihfjlvxsogznqwa
18,12000,-6762.002908994096,etoainhsrdlumwycfgpbvkxjqz,rkyepdtmcbuihfjlvxsogznqwa
18,12500,-6762.002908994096,etoainhsrdlumwycfgpbvkxjqz,rkyepdtmcbuihfjlvxsogznqwa
18,13000,-6762.002908994096,etoainhsrdlumwycfgpbvkxjqz,rkyepdtmcbuihfjlvxsogznqwa
18,13500,-6762.002908994096,etoainhsrdlumwycfgpbvkxjqz,rkyepdtmcbuihfjlvxsogznqwa
18,14000,-6762.002908994096,etoainhsrdlumwycfgpbvkxjqz,rkyepdtmcbuihfjlvxsogznqwa
18,14500,-6762.002908994096,etoainhsrdlumwycfgpbvkxjqz,rkyepdtmcbuihfjlvxsogznqwa
18,15000,-6762.002908994096,etoainhsrdlumwycfgpbvkxjqz,rkyepdtmcbuihfjlvxsogznqwa
18,15500,-6762.002908994096,etoainhsrdlumwycfgpbvkxjqz,rkyepdtmcbuihfjlvxsogznqwa
18,16000,-6762.002908994096,etoainhsrdlumwycfgpbvkxjqz,rkyepdtmcbuihfjlvxsogznqwa
18,16500,-6762.002908994096,etoainhsrdlumwycfgpbvkxjqz,rkyepdtmcbuihfjlvxsogznqwa
18,17000,-6762.002908994096,etoainhsrdlumwycfgpbvkxjqz,rkyepdtmcbuihfjlvxsogznqwa
18,17500,-6762.002908994096,etoainhsrdlumwycfgpbvkxjqz,rkyepdtmcbuihfjlvxsogznqwa
18,18000,-6762.002908994096,etoainhsrdlumwycfgpbvkxjqz,rkyepdtmcbuihfjlvxsogznqwa
18,18500,-6762.002908994096,etoainhsrdlumwycfgpbvkxjqz,rkyepdtmcbuihfjlvxsogznqwa
18,19000,-6762.002908994096,etoainhsrdlumwycfgpbvkxjqz,rkyepdtmcbuihfjlvxsogznqwa
18,19500,-6762.002908994096,etoainhsrdlumwycfgpbvkxjqz,rkyepdtmcbuihfjlvxsogznqwa
19,0,-8339.550641413143,etoainhsrdlumwycfgpbvkxjqz,rkeytmlpcubijfdhsvxozgnqwa
19,500,-7468.662014903018,etoainhsrdlumwycfgpbvkxjqz,rtyepdfkcxuimvjblhsogznawq
19,1000,-7466.81986060832,etoainhsrdlumwycfgpbvkxjqz,rtyepdfkcxuimvjblhsogznqwa
19,1500,-7391.256774835572,etoainhsrdlumwycfgpbvkxjqz,rtyepdfkcxuihvjmlbsogznqwa
19,2000,-7264.817716392474,etoainhsrdlumwycfgpbvkxjqz,rtyepdfkcbuihvjmlxsogznqwa
19,2500,-7264.817716392474,etoainhsrdlumwycfgpbvkxjqz,rtyepdfkcbuihvjmlxsogznqwa
19,3000,-7264.817716392474,etoainhsrdlumwycfgpbvkxjqz,rtyepdfkcbuihvjmlxsogznqwa
19,3500,-7264.817716392474,etoainhsrdlumwycfgpbvkxjqz,rtyepdfkcbuihvjmlxsogznqwa
19,4000,-7264.817716392474,etoainhsrdlumwycfgpbvkxjqz,rtyepdfkcbuihvjmlxsogznqwa
19,4500,-7264.817716392474,etoainhsrdlumwycfgpbvkxjqz,rtyepdfkcbuihvjmlxsogznqwa
19,5000,-7264.817716392474,etoainhsrdlumwycfgpbvkxjqz,rtyepdfkcbuihvjmlxsogznqwa
19,5500,-7264.817716392474,etoainhsrdlumwycfgpbvkxjqz,rtyepdfkcbuihvjmlxsogznqwa
19,6000,-7264.817716392474,etoainhsrdlumwycfgpbvkxjqz,rtyepdfkcbuihvjmlxsogznqwa
19,6500,-7264.817716392474,etoainhsrdlumwycfgpbvkxjqz,rtyepdfkcbuihvjmlxsogznqwa
19,7000,-7264.817716392474,etoainhsrdlumwycfgpbvkxjqz,rtyepdfkcbuihvjmlxsogznqwa
19,7500,-7264.817716392474,etoainhsrdlumwycfgpbvkxjqz,rtyepdfkcbuihvjmlxsogznqwa
19,8000,-7264.817716392474,etoainhsrdlumwycfgpbvkxjqz,rtyepdfkcbuihvjmlxsogznqwa
19,8500,-7264.817716392474,etoainhsrdlumwycfgpbvkxjqz,rtyepdfkcbuihvjmlxsogznqwa
19,9000,-7264.817716392474,etoainhsrdlumwycfgpbvkxjqz,rtyepdfkcbuihvjmlxsogznqwa
19,9500,-7264.817716392474,etoainhsrdlumwycfgpbvkxjqz,rtyepdfkcbuihvjmlxsogznqwa
19,10000,-7264.817716392474,etoainhsrdlumwycfgpbvkxjqz,rtyepdfkcbuihvjmlxsogznqwa
19,10500,-7264.817716392474,etoainhsrdlumwycfgpbvkxjqz,rtyepdfkcbuihvjmlxsogznqwa
19,11000,-7264.817716392474,etoainhsrdlumwycfgpbvkxjqz,rtyepdfkcbuihvjmlxsogznqwa
19,11500,-7264.817716392474,etoainhsrdlumwycfgpbvkxjqz,rtyepdfkcbuihvjmlxsogznqwa
19,12000,-7264.817716392474,etoainhsrdlumwycfgpbvkxjqz,rtyepdfkcbuihvjmlxsogznqwa
19,12500,-7264.817716392474,etoainhsrdlumwycfgpbvkxjqz,rtyepdfkcbuihvjmlxsogznqwa
19,13000,-7264.817716392474,etoainhsrdlumwycfgpbvkxjqz,rtyepdfkcbuihvjmlxsogznqwa
19,13500,-7264.817716392474,etoainhsrdlumwycfgpbvkxjqz,rtyepdfkcbuihvjmlxsogznqwa
19,14000,-7264.817716392474,etoainhsrdlumwycfgpbvkxjqz,rtyepdfkcbuihvjmlxsogznqwa
19,14500,-7264.817716392474,etoainhsrdlumwycfgpbvkxjqz,rtyepdfkcbuihvjmlxsogznqwa
19,15000,-7264.817716392474,etoainhsrdlumwycfgpbvkxjqz,rtyepdfkcbuihvjmlxsogznqwa
19,15500,-7264.817716392474,etoainhsrdlumwycfgpbvkxjqz,rtyepdfkcbuihvjmlxsogznqwa
19,16000,-7264.817716392474,etoainhsrdlumwycfgpbvkxjqz,rtyepdfkcbuihvjmlxsogznqwa
19,16500,-7264.817716392474,etoainhsrdlumwycfgpbvkxjqz,rtyepdfkcbuihvjmlxsogznqwa
19,17000,-7264.817716392474,etoainhsrdlumwycfgpbvkxjqz,rtyepdfkcbuihvjmlxsogznqwa
19,17500,-7264.817716392474,etoainhsrdlumwycfgpbvkxjqz,rtyepdfkcbuihvjmlxsogznqwa
19,18000,-7264.817716392474,etoainhsrdlumwycfgpbvkxjqz,rtyepdfkcbuihvjmlxsogznqwa
19,18500,-7264.817716392474,etoainhsrdlumwycfgpbvkxjqz,rtyepdfkcbuihvjmlxsogznqwa
19,19000,-7264.817716392474,etoainhsrdlumwycfgpbvkxjqz,rtyepdfkcbuihvjmlxsogznqwa
19,19500,-7264.817716392474,etoainhsrdlumwycfgpbvkxjqz,rtyepdfkcbuihvjmlxsogznqwa
20,0,-8347.978847763903,etoainhsrdlumwycfgpbvkxjqz,rkeytmdpcubijflhsvxozgnqwa
20,500,-7580.914062018551,etoainhsrdlumwycfgpbvkxjqz,rkeypmtdcvujhfibslxogzwqan
20,1000,-7018.914090537833,etoainhsrdlumwycfgpbvkxjqz,rkyepdtmcbuxhfjlivsogzwqan
20,1500,-6854.206657600401,etoainhsrdlumwycfgpbvkxjqz,rkyepdtmcbuihfjlxvsogznqaw
20,2000,-6762.002908994096,etoainhsrdlumwycfgpbvkxjqz,rkyepdtmcbuihfjlvxsogznqwa
20,2500,-6762.002908994096,etoainhsrdlumwycfgpbvkxjqz,rkyepdtmcbuihfjlvxsogznqwa
20,3000,-6762.002908994096,etoainhsrdlumwycfgpbvkxjqz,rkyepdtmcbuihfjlvxsogznqwa
20,3500,-6762.002908994096,etoainhsrdlumwycfgpbvkxjqz,rkyepdtmcbuihfjlvxsogznqwa
20,4000,-6762.002908994096,etoainhsrdlumwycfgpbvkxjqz,rkyepdtmcbuihfjlvxsogznqwa
20,4500,-6762.002908994096,etoainhsrdlumwycfgpbvkxjqz,rkyepdtmcbuihfjlvxsogznqwa
20,5000,-6762.002908994096,etoainhsrdlumwycfgpbvkxjqz,rkyepdtmcbuihfjlvxsogznqwa
20,5500,-6762.002908994096,etoainhsrdlumwycfgpbvkxjqz,rkyepdtmcbuihfjlvxsogznqwa
20,6000,-6762.002908994096,etoainhsrdlumwycfgpbvkxjqz,rkyepdtmcbuihfjlvxsogznqwa
20,6500,-6762.002908994096,etoainhsrdlumwycfgpbvkxjqz,rkyepdtmcbuihfjlvxsogznqwa
20,7000,-6762.002908994096,etoainhsrdlumwycfgpbvkxjqz,rkyepdtmcbuihfjlvxsogznqwa
20,7500,-6762.002908994096,etoainhsrdlumwycfgpbvkxjqz,rkyepdtmcbuihfjlvxsogznqwa
20,8000,-6762.002908994096,etoainhsrdlumwycfgpbvkxjqz,rkyepdtmcbuihfjlvxsogznqwa
20,8500,-6762.002908994096,etoainhsrdlumwycfgpbvkxjqz,rkyepdtmcbuihfjlvxsogznqwa
20,9000,-6762.002908994096,etoainhsrdlumwycfgpbvkxjqz,rkyepdtmcbuihfjlvxsogznqwa
20,9500,-6762.002908994096,etoainhsrdlumwycfgpbvkxjqz,rkyepdtmcbuihfjlvxsogznqwa
20,10000,-6762.002908994096,etoainhsrdlumwycfgpbvkxjqz,rkyepdtmcbuihfjlvxsogznqwa
20,10500,-6762.002908994096,etoainhsrdlumwycfgpbvkxjqz,rkyepdtmcbuihfjlvxsogznqwa
20,11000,-6762.002908994096,etoainhsrdlumwycfgpbvkxjqz,rkyepdtmcbuihfjlvxsogznqwa
20,11500,-6762.002908994096,etoainhsrdlumwycfgpbvkxjqz,rkyepdtmcbuihfjlvxsogznqwa
20,12000,-6762.002908994096,etoainhsrdlumwycfgpbvkxjqz,rkyepdtmcbuihfjlvxsogznqwa
20,12500,-6762.002908994096,etoainhsrdlumwycfgpbvkxjqz,rkyepdtmcbuihfjlvxsogznqwa
20,13000,-6762.002908994096,etoainhsrdlumwycfgpbvkxjqz,rkyepdtmcbuihfjlvxsogznqwa
20,13500,-6762.002908994096,etoainhsrdlumwycfgpbvkxjqz,rkyepdtmcbuihfjlvxsogznqwa
20,14000,-6762.002908994096,etoainhsrdlumwycfgpbvkxjqz,rkyepdtmcbuihfjlvxsogznqwa
20,14500,-6762.002908994096,etoainhsrdlumwycfgpbvkxjqz,rkyepdtmcbuihfjlvxsogznqwa
20,15000,-6762.002908994096,etoainhsrdlumwycfgpbvkxjqz,rkyepdtmcbuihfjlvxsogznqwa
20,15500,-6762.002908994096,etoainhsrdlumwycfgpbvkxjqz,rkyepdtmcbuihfjlvxsogznqwa
20,16000,-6762.002908994096,etoainhsrdlumwycfgpbvkxjqz,rkyepdtmcbuihfjlvxsogznqwa
20,16500,-6762.002908994096,etoainhsrdlumwycfgpbvkxjqz,rkyepdtmcbuihfjlvxsogznqwa
20,17000,-6762.002908994096,etoainhsrdlumwycfgpbvkxjqz,rkyepdtmcbuihfjlvxsogznqwa
20,17500,-6762.002908994096,etoainhsrdlumwycfgpbvkxjqz,rkyepdtmcbuihfjlvxsogznqwa
20,18000,-6762.002908994096,etoainhsrdlumwycfgpbvkxjqz,rkyepdtmcbuihfjlvxsogznqwa
20,18500,-6762.002908994096,etoainhsrdlumwycfgpbvkxjqz,rkyepdtmcbuihfjlvxsogznqwa
20,19000,-6762.002908994096,etoainhsrdlumwycfgpbvkxjqz,rkyepdtmcbuihfjlvxsogznqwa
20,19500,-6762.002908994096,etoainhsrdlumwycfgpbvkxjqz,rkyepdtmcbuihfjlvxsogznqwa
21,0,-8347.978847763903,etoainhsrdlumwycfgpbvkxjqz,rkeytmdpcubijflhsvxozgnqwa
21,500,-7640.077726435415,etoainhsrdlumwycfgpbvkxjqz,rkeypdjmcbtilhfsvxuogzaqwn
21,1000,-7020.977824813992,etoainhsrdlumwycfgpbvkxjqz,rkyepdtmcbuihjfsvxlogzaqwn
21,1500,-6843.559887003507,etoainhsrdlumwycfgpbvkxjqz,rkyepdtmcbuihfjsvxlogznqwa
21,2000,-6843.559887003507,etoainhsrdlumwycfgpbvkxjqz,rkyepdtmcbuihfjsvxlogznqwa
21,2500,-6762.002908994096,etoainhsrdlumwycfgpbvkxjqz,rkyepdtmcbuihfjlvxsogznqwa
21,3000,-6762.002908994096,etoainhsrdlumwycfgpbvkxjqz,rkyepdtmcbuihfjlvxsogznqwa
21,3500,-6762.002908994096,etoainhsrdlumwycfgpbvkxjqz,rkyepdtmcbuihfjlvxsogznqwa
21,4000,-6762.002908994096,etoainhsrdlumwycfgpbvkxjqz,rkyepdtmcbuihfjlvxsogznqwa
21,4500,-6762.002908994096,etoainhsrdlumwycfgpbvkxjqz,rkyepdtmcbuihfjlvxsogznqwa
21,5000,-6762.002908994096,etoainhsrdlumwycfgpbvkxjqz,rkyepdtmcbuihfjlvxsogznqwa
21,5500,-6762.002908994096,etoainhsrdlumwycfgpbvkxjqz,rkyepdtmcbuihfjlvxsogznqwa
21,6000,-6762.002908994096,etoainhsrdlumwycfgpbvkxjqz,rkyepdtmcbuihfjlvxsogznqwa
21,6500,-6762.002908994096,etoainhsrdlumwycfgpbvkxjqz,rkyepdtmcbuihfjlvxsogznqwa
21,7000,-6762.002908994096,etoainhsrdlumwycfgpbvkxjqz,rkyepdtmcbuihfjlvxsogznqwa
21,7500,-6762.002908994096,etoainhsrdlumwycfgpbvkxjqz,rkyepdtmcbuihfjlvxsogznqwa
21,8000,-6762.002908994096,etoainhsrdlumwycfgpbvkxjqz,rkyepdtmcbuihfjlvxsogznqwa
21,8500,-6762.002908994096,etoainhsrdlumwycfgpbvkxjqz,rkyepdtmcbuihfjlvxsogznqwa
21,9000,-6762.002908994096,etoainhsrdlumwycfgpbvkxjqz,rkyepdtmcbuihfjlvxsogznqwa
21,9500,-6762.002908994096,etoainhsrdlumwycfgpbvkxjqz,rkyepdtmcbuihfjlvxsogznqwa
21,10000,-6762.002908994096,etoainhsrdlumwycfgpbvkxjqz,rkyepdtmcbuihfjlvxsogznqwa
21,10500,-6762.002908994096,etoainhsrdlumwycfgpbvkxjqz,rkyepdtmcbuihfjlvxsogznqwa
21,11000,-6762.002908994096,etoainhsrdlumwycfgpbvkxjqz,rkyepdtmcbuihfjlvxsogznqwa
21,11500,-6762.002908994096,etoainhsrdlumwycfgpbvkxjqz,rkyepdtmcbuihfjlvxsogznqwa
21,12000,-6762.002908994096,etoainhsrdlumwycfgpbvkxjqz,rkyepdtmcbuihfjlvxsogznqwa
21,12500,-6762.002908994096,etoainhsrdlumwycfgpbvkxjqz,rkyepdtmcbuihfjlvxsogznqwa
21,13000,-6762.002908994096,etoainhsrdlumwycfgpbvkxjqz,rkyepdtmcbuihfjlvxsogznqwa
21,13500,-6762.002908994096,etoainhsrdlumwycfgpbvkxjqz,rkyepdtmcbuihfjlvxsogznqwa
21,14000,-6762.002908994096,etoainhsrdlumwycfgpbvkxjqz,rkyepdtmcbuihfjlvxsogznqwa
21,14500,-6762.002908994096,etoainhsrdlumwycfgpbvkxjqz,rkyepdtmcbuihfjlvxsogznqwa
21,15000,-6762.002908994096,etoainhsrdlumwycfgpbvkxjqz,rkyepdtmcbuihfjlvxsogznqwa
21,15500,-6762.002908994096,etoainhsrdlumwycfgpbvkxjqz,rkyepdtmcbuihfjlvxsogznqwa
21,16000,-6762.002908994096,etoainhsrdlumwycfgpbvkxjqz,rkyepdtmcbuihfjlvxsogznqwa
21,16500,-6762.002908994096,etoainhsrdlumwycfgpbvkxjqz,rkyepdtmcbuihfjlvxsogznqwa
21,17000,-6762.002908994096,etoainhsrdlumwycfgpbvkxjqz,rkyepdtmcbuihfjlvxsogznqwa
21,17500,-6762.002908994096,etoainhsrdlumwycfgpbvkxjqz,rkyepdtmcbuihfjlvxsogznqwa
21,18000,-6762.002908994096,etoainhsrdlumwycfgpbvkxjqz,rkyepdtmcbuihfjlvxsogznqwa
21,18500,-6762.002908994096,etoainhsrdlumwycfgpbvkxjqz,rkyepdtmcbuihfjlvxsogznqwa
21,19000,-6762.002908994096,etoainhsrdlumwycfgpbvkxjqz,rkyepdtmcbuihfjlvxsogznqwa
21,19500,-6762.002908994096,etoainhsrdlumwycfgpbvkxjqz,rkyepdtmcbuihfjlvxsogznqwa
22,0,-8347.978847763903,etoainhsrdlumwycfgpbvkxjqz,rkeytmdpcubijflhsvxozgnqwa
22,500,-7616.06968464148,etoainhsrdlumwycfgpbvkxjqz,rkyejdtmcpuifhxbvlsogznqwa
22,1000,-7325.405364881975,etoainhsrdlumwycfgpbvkxjqz,rkyesdtmcbupifjlvxhogznqwa
22,1500,-6808.112278537619,etoainhsrdlumwycfgpbvkxjqz,rkyepdtmcbuisfjlvxhogznqwa
22,2000,-6808.112278537619,etoainhsrdlumwycfgpbvkxjqz,rkyepdtmcbuisfjlvxhogznqwa
22,2500,-6808.112278537619,etoainhsrdlumwycfgpbvkxjqz,rkyepdtmcbuisfjlvxhogznqwa
22,3000,-6762.002908994096,etoainhsrdlumwycfgpbvkxjqz,rkyepdtmcbuihfjlvxsogznqwa
22,3500,-6762.002908994096,etoainhsrdlumwycfgpbvkxjqz,rkyepdtmcbuihfjlvxsogznqwa
22,4000,-6762.002908994096,etoainhsrdlumwycfgpbvkxjqz,rkyepdtmcbuihfjlvxsogznqwa
22,4500,-6762.002908994096,etoainhsrdlumwycfgpbvkxjqz,rkyepdtmcbuihfjlvxsogznqwa
22,5000,-6762.002908994096,etoainhsrdlumwycfgpbvkxjqz,rkyepdtmcbuihfjlvxsogznqwa
22,5500,-6762.002908994096,etoainhsrdlumwycfgpbvkxjqz,rkyepdtmcbuihfjlvxsogznqwa
22,6000,-6762.002908994096,etoainhsrdlumwycfgpbvkxjqz,rkyepdtmcbuihfjlvxsogznqwa
22,6500,-6762.002908994096,etoainhsrdlumwycfgpbvkxjqz,rkyepdtmcbuihfjlvxsogznqwa
22,7000,-6762.002908994096,etoainhsrdlumwycfgpbvkxjqz,rkyepdtmcbuihfjlvxsogznqwa
22,7500,-6762.002908994096,etoainhsrdlumwycfgpbvkxjqz,rkyepdtmcbuihfjlvxsogznqwa
22,8000,-6762.002908994096,etoainhsrdlumwycfgpbvkxjqz,rkyepdtmcbuihfjlvxsogznqwa
22,8500,-6762.002908994096,etoainhsrdlumwycfgpbvkxjqz,rkyepdtmcbuihfjlvxsogznqwa
22,9000,-6762.002908994096,etoainhsrdlumwycfgpbvkxjqz,rkyepdtmcbuihfjlvxsogznqwa
22,9500,-6762.002908994096,etoainhsrdlumwycfgpbvkxjqz,rkyepdtmcbuihfjlvxsogznqwa
22,10000,-6762.002908994096,etoainhsrdlumwycfgpbvkxjqz,rkyepdtmcbuihfjlvxsogznqwa
22,10500,-6762.002908994096,etoainhsrdlumwycfgpbvkxjqz,rkyepdtmcbuihfjlvxsogznqwa
22,11000,-6762.002908994096,etoainhsrdlumwycfgpbvkxjqz,rkyepdtmcbuihfjlvxsogznqwa
22,11500,-6762.002908994096,etoainhsrdlumwycfgpbvkxjqz,rkyepdtmcbuihfjlvxsogznqwa
22,12000,-6762.002908994096,etoainhsrdlumwycfgpbvkxjqz,rkyepdtmcbuihfjlvxsogznqwa
22,12500,-6762.002908994096,etoainhsrdlumwycfgpbvkxjqz,rkyepdtmcbuihfjlvxsogznqwa
22,13000,-6762.002908994096,etoainhsrdlumwycfgpbvkxjqz,rkyepdtmcbuihfjlvxsogznqwa
22,13500,-6762.002908994096,etoainhsrdlumwycfgpbvkxjqz,rkyepdtmcbuihfjlvxsogznqwa
22,14000,-6762.002908994096,etoainhsrdlumwycfgpbvkxjqz,rkyepdtmcbuihfjlvxsogznqwa
22,14500,-6762.002908994096,etoainhsrdlumwycfgpbvkxjqz,rkyepdtmcbuihfjlvxsogznqwa
22,15000,-6762.002908994096,etoainhsrdlumwycfgpbvkxjqz,rkyepdtmcbuihfjlvxsogznqwa
22,15500,-6762.002908994096,etoainhsrdlumwycfgpbvkxjqz,rkyepdtmcbuihfjlvxsogznqwa
22,16000,-6762.002908994096,etoainhsrdlumwycfgpbvkxjqz,rkyepdtmcbuihfjlvxsogznqwa
22,16500,-6762.002908994096,etoainhsrdlumwycfgpbvkxjqz,rkyepdtmcbuihfjlvxsogznqwa
22,17000,-6762.002908994096,etoainhsrdlumwycfgpbvkxjqz,rkyepdtmcbuihfjlvxsogznqwa
22,17500,-6762.002908994096,etoainhsrdlumwycfgpbvkxjqz,rkyepdtmcbuihfjlvxsogznqwa
22,18000,-6762.002908994096,etoainhsrdlumwycfgpbvkxjqz,rkyepdtmcbuihfjlvxsogznqwa
22,18500,-6762.002908994096,etoainhsrdlumwycfgpbvkxjqz,rkyepdtmcbuihfjlvxsogznqwa
22,19000,-6762.002908994096,etoainhsrdlumwycfgpbvkxjqz,rkyepdtmcbuihfjlvxsogznqwa
22,19500,-6762.002908994096,etoainhsrdlumwycfgpbvkxjqz,rkyepdtmcbuihfjlvxsogznqwa
23,0,-8318.603114681539,etoainhsrdlumwycfgpbvkxjqz,rkeytmdpcubihfljsvxozgnqwa
23,500,-7007.934460623617,etoainhsrdlumwycfgpbvkxjqz,rkyepdtmcjuihfxlvbsogznqwa
23,1000,-6762.002908994096,etoainhsrdlumwycfgpbvkxjqz,rkyepdtmcbuihfjlvxsogznqwa
23,1500,-6762.002908994096,etoainhsrdlumwycfgpbvkxjqz,rkyepdtmcbuihfjlvxsogznqwa
23,2000,-6762.002908994096,etoainhsrdlumwycfgpbvkxjqz,rkyepdtmcbuihfjlvxsogznqwa
23,2500,-6762.002908994096,etoainhsrdlumwycfgpbvkxjqz,rkyepdtmcbuihfjlvxsogznqwa
23,3000,-6762.002908994096,etoainhsrdlumwycfgpbvkxjqz,rkyepdtmcbuihfjlvxsogznqwa
23,3500,-6762.002908994096,etoainhsrdlumwycfgpbvkxjqz,rkyepdtmcbuihfjlvxsogznqwa
23,4000,-6762.002908994096,etoainhsrdlumwycfgpbvkxjqz,rkyepdtmcbuihfjlvxsogznqwa
23,4500,-6762.002908994096,etoainhsrdlumwycfgpbvkxjqz,rkyepdtmcbuihfjlvxsogznqwa
23,5000,-6762.002908994096,etoainhsrdlumwycfgpbvkxjqz,rkyepdtmcbuihfjlvxsogznqwa
23,5500,-6762.002908994096,etoainhsrdlumwycfgpbvkxjqz,rkyepdtmcbuihfjlvxsogznqwa
23,6000,-6762.002908994096,etoainhsrdlumwycfgpbvkxjqz,rkyepdtmcbuihfjlvxsogznqwa
23,6500,-6762.002908994096,etoainhsrdlumwycfgpbvkxjqz,rkyepdtmcbuihfjlvxsogznqwa
23,7000,-6762.002908994096,etoainhsrdlumwycfgpbvkxjqz,rkyepdtmcbuihfjlvxsogznqwa
23,7500,-6762.002908994096,etoainhsrdlumwycfgpbvkxjqz,rkyepdtmcbuihfjlvxsogznqwa
23,8000,-6762.002908994096,etoainhsrdlumwycfgpbvkxjqz,rkyepdtmcbuihfjlvxsogznqwa
23,8500,-6762.002908994096,etoainhsrdlumwycfgpbvkxjqz,rkyepdtmcbuihfjlvxsogznqwa
23,9000,-6762.002908994096,etoainhsrdlumwycfgpbvkxjqz,rkyepdtmcbuihfjlvxsogznqwa
23,9500,-6762.002908994096,etoainhsrdlumwycfgpbvkxjqz,rkyepdtmcbuihfjlvxsogznqwa
23,10000,-6762.002908994096,etoainhsrdlumwycfgpbvkxjqz,rkyepdtmcbuihfjlvxsogznqwa
23,10500,-6762.002908994096,etoainhsrdlumwycfgpbvkxjqz,rkyepdtmcbuihfjlvxsogznqwa
23,11000,-6762.002908994096,etoainhsrdlumwycfgpbvkxjqz,rkyepdtmcbuihfjlvxsogznqwa
23,11500,-6762.002908994096,etoainhsrdlumwycfgpbvkxjqz,rkyepdtmcbuihfjlvxsogznqwa
23,12000,-6762.002908994096,etoainhsrdlumwycfgpbvkxjqz,rkyepdtmcbuihfjlvxsogznqwa
23,12500,-6762.002908994096,etoainhsrdlumwycfgpbvkxjqz,rkyepdtmcbuihfjlvxsogznqwa
23,13000,-6762.002908994096,etoainhsrdlumwycfgpbvkxjqz,rkyepdtmcbuihfjlvxsogznqwa
23,13500,-6762.002908994096,etoainhsrdlumwycfgpbvkxjqz,rkyepdtmcbuihfjlvxsogznqwa
23,14000,-6762.002908994096,etoainhsrdlumwycfgpbvkxjqz,rkyepdtmcbuihfjlvxsogznqwa
23,14500,-6762.002908994096,etoainhsrdlumwycfgpbvkxjqz,rkyepdtmcbuihfjlvxsogznqwa
23,15000,-6762.002908994096,etoainhsrdlumwycfgpbvkxjqz,rkyepdtmcbuihfjlvxsogznqwa
23,15500,-6762.002908994096,etoainhsrdlumwycfgpbvkxjqz,rkyepdtmcbuihfjlvxsogznqwa
23,16000,-6762.002908994096,etoainhsrdlumwycfgpbvkxjqz,rkyepdtmcbuihfjlvxsogznqwa
23,16500,-6762.002908994096,etoainhsrdlumwycfgpbvkxjqz,rkyepdtmcbuihfjlvxsogznqwa
23,17000,-6762.002908994096,etoainhsrdlumwycfgpbvkxjqz,rkyepdtmcbuihfjlvxsogznqwa
23,17500,-6762.002908994096,etoainhsrdlumwycfgpbvkxjqz,rkyepdtmcbuihfjlvxsogznqwa
23,18000,-6762.002908994096,etoainhsrdlumwycfgpbvkxjqz,rkyepdtmcbuihfjlvxsogznqwa
23,18500,-6762.002908994096,etoainhsrdlumwycfgpbvkxjqz,rkyepdtmcbuihfjlvxsogznqwa
23,19000,-6762.002908994096,etoainhsrdlumwycfgpbvkxjqz,rkyepdtmcbuihfjlvxsogznqwa
23,19500,-6762.002908994096,etoainhsrdlumwycfgpbvkxjqz,rkyepdtmcbuihfjlvxsogznqwa
